2026-09-03 21:07:27 | INFO     | app.main:__init__:37 - Initializing MarketBot...
2026-09-03 21:07:27 | INFO     | app.storage.redis:_connect:23 - Connected to Redis
2026-09-03 21:07:27 | INFO     | app.main:initialize:64 - Initializing components...
2026-09-03 21:07:27 | ERROR    | app.storage.postgres:connect:24 - PostgreSQL connection error: connection was closed in the middle of operation
2026-09-03 21:07:27 | INFO     | app.main:initialize:68 - ✅ PostgreSQL connected
2026-09-03 21:07:27 | INFO     | app.main:initialize:80 - ✅ All components initialized
2026-09-03 21:07:27 | INFO     | app.main:start:88 - 🚀 Starting Market Bot...
2026-09-03 21:07:27 | INFO     | app.main:update_symbols:106 - Updating symbols...
2026-09-03 21:07:27 | INFO     | app.api.bybit_ws:start:122 - WebSocket manager started
2026-09-03 21:07:27 | INFO     | app.data.orderbook:start:331 - Orderbook manager started
2026-09-03 21:07:27 | INFO     | app.signals.engine:start:358 - Signal engine started
2026-09-03 21:07:27 | INFO     | app.scheduler.tasks:start:16 - Scheduler started
2026-09-03 21:07:27 | INFO     | app.main:start:98 - 🎯 Market Bot started with 0 symbols
2026-09-03 21:07:27 | INFO     | app.main:run:127 - 🔄 Bot is running. Press Ctrl+C to stop.
2026-09-03 21:07:27 | INFO     | app.notifications.telegram:start:208 - Telegram notifier started
2026-09-03 21:07:30 | ERROR    | app.storage.redis:get_active_symbols:35 - Error getting active symbols: Error Multiple exceptions: [WinError 5] Отказано в доступе, [WinError 1225] Удаленный компьютер отклонил это сетевое подключение connecting to localhost:6379.
2026-09-03 21:07:42 | ERROR    | app.storage.redis:get_active_symbols:35 - Error getting active symbols: Error Multiple exceptions: [WinError 5] Отказано в доступе, [WinError 1225] Удаленный компьютер отклонил это сетевое подключение connecting to localhost:6379.
2026-09-03 21:07:54 | ERROR    | app.storage.redis:get_active_symbols:35 - Error getting active symbols: Error Multiple exceptions: [WinError 5] Отказано в доступе, [WinError 1225] Удаленный компьютер отклонил это сетевое подключение connecting to localhost:6379.
2026-09-03 21:07:58 | INFO     | app.main:_signal_handler:60 - Received signal 2, shutting down...
2026-09-03 21:07:58 | INFO     | app.main:_signal_handler:60 - Received signal 2, shutting down...
2026-09-03 21:07:59 | INFO     | app.main:shutdown:142 - 🛑 Shutting down...
2026-09-03 21:07:59 | INFO     | app.scheduler.tasks:stop:32 - Scheduler stopped
2026-09-03 21:07:59 | INFO     | app.signals.engine:stop:364 - Signal engine stopped
2026-09-03 21:07:59 | INFO     | app.data.orderbook:stop:339 - Orderbook manager stopped
2026-09-03 21:07:59 | INFO     | app.api.bybit_ws:stop:132 - WebSocket manager stopped
2026-09-03 21:07:59 | INFO     | app.main:shutdown:156 - ✅ Shutdown complete
2026-09-03 21:28:33 | INFO     | app.main:__init__:37 - Initializing MarketBot...
2026-09-03 21:28:33 | INFO     | app.storage.redis:_connect:23 - Connected to Redis
2026-09-03 21:28:33 | INFO     | app.main:initialize:64 - Initializing components...
2026-09-03 21:28:34 | ERROR    | app.storage.postgres:connect:24 - PostgreSQL connection error: connection was closed in the middle of operation
2026-09-03 21:28:34 | INFO     | app.main:initialize:68 - ✅ PostgreSQL connected
2026-09-03 21:28:34 | INFO     | app.main:initialize:80 - ✅ All components initialized
2026-09-03 21:28:34 | INFO     | app.main:start:88 - 🚀 Starting Market Bot...
2026-09-03 21:28:34 | INFO     | app.main:update_symbols:106 - Updating symbols...
2026-09-03 21:28:42 | INFO     | app.api.bybit_ws:start:122 - WebSocket manager started
2026-09-03 21:28:42 | INFO     | app.data.orderbook:start:331 - Orderbook manager started
2026-09-03 21:28:42 | INFO     | app.signals.engine:start:358 - Signal engine started
2026-09-03 21:28:42 | INFO     | app.scheduler.tasks:start:16 - Scheduler started
2026-09-03 21:28:42 | INFO     | app.main:start:98 - 🎯 Market Bot started with 0 symbols
2026-09-03 21:28:42 | INFO     | app.main:run:127 - 🔄 Bot is running. Press Ctrl+C to stop.
2026-09-03 21:28:42 | INFO     | app.notifications.telegram:start:208 - Telegram notifier started
2026-09-03 21:31:02 | INFO     | app.main:_signal_handler:60 - Received signal 2, shutting down...
2026-09-03 21:31:02 | INFO     | app.main:shutdown:142 - 🛑 Shutting down...
2026-09-03 21:31:02 | INFO     | app.scheduler.tasks:stop:32 - Scheduler stopped
2026-09-03 21:31:02 | INFO     | app.signals.engine:stop:364 - Signal engine stopped
2026-09-03 21:31:02 | INFO     | app.data.orderbook:stop:339 - Orderbook manager stopped
2026-09-03 21:31:02 | INFO     | app.api.bybit_ws:stop:132 - WebSocket manager stopped
2026-09-03 21:31:02 | INFO     | app.main:shutdown:156 - ✅ Shutdown complete
2026-09-03 21:31:38 | INFO     | app.main:__init__:37 - Initializing MarketBot...
2026-09-03 21:31:38 | INFO     | app.storage.redis:_connect:23 - Connected to Redis
2026-09-03 21:31:38 | INFO     | app.main:initialize:64 - Initializing components...
2026-09-03 21:31:38 | ERROR    | app.storage.postgres:connect:24 - PostgreSQL connection error: connection was closed in the middle of operation
2026-09-03 21:31:38 | INFO     | app.main:initialize:68 - ✅ PostgreSQL connected
2026-09-03 21:31:38 | INFO     | app.main:initialize:80 - ✅ All components initialized
2026-09-03 21:31:38 | INFO     | app.main:start:88 - 🚀 Starting Market Bot...
2026-09-03 21:31:38 | INFO     | app.main:update_symbols:106 - Updating symbols...
2026-09-03 21:31:39 | INFO     | app.api.bybit_ws:start:122 - WebSocket manager started
2026-09-03 21:31:39 | INFO     | app.data.orderbook:start:331 - Orderbook manager started
2026-09-03 21:31:39 | INFO     | app.signals.engine:start:358 - Signal engine started
2026-09-03 21:31:39 | INFO     | app.scheduler.tasks:start:16 - Scheduler started
2026-09-03 21:31:39 | INFO     | app.main:start:98 - 🎯 Market Bot started with 0 symbols
2026-09-03 21:31:39 | INFO     | app.main:run:127 - 🔄 Bot is running. Press Ctrl+C to stop.
2026-09-03 21:31:39 | INFO     | app.notifications.telegram:start:208 - Telegram notifier started
2026-09-03 21:38:05 | INFO     | app.main:_signal_handler:60 - Received signal 2, shutting down...
2026-09-03 21:38:05 | INFO     | app.main:shutdown:142 - 🛑 Shutting down...
2026-09-03 21:38:05 | INFO     | app.scheduler.tasks:stop:32 - Scheduler stopped
2026-09-03 21:38:05 | INFO     | app.signals.engine:stop:364 - Signal engine stopped
2026-09-03 21:38:05 | INFO     | app.data.orderbook:stop:339 - Orderbook manager stopped
2026-09-03 21:38:05 | INFO     | app.api.bybit_ws:stop:132 - WebSocket manager stopped
2026-09-03 21:38:05 | INFO     | app.main:shutdown:156 - ✅ Shutdown complete
2026-09-03 21:40:25 | INFO     | app.main:__init__:37 - Initializing MarketBot...
2026-09-03 21:40:25 | INFO     | app.storage.redis:_connect:23 - Connected to Redis
2026-09-03 21:40:25 | INFO     | app.main:initialize:64 - Initializing components...
2026-09-03 21:40:25 | ERROR    | app.storage.postgres:connect:24 - PostgreSQL connection error: connection was closed in the middle of operation
2026-09-03 21:40:25 | INFO     | app.main:initialize:68 - ✅ PostgreSQL connected
2026-09-03 21:40:25 | INFO     | app.main:initialize:80 - ✅ All components initialized
2026-09-03 21:40:25 | INFO     | app.main:start:88 - 🚀 Starting Market Bot...
2026-09-03 21:40:25 | INFO     | app.main:update_symbols:106 - Updating symbols...
2026-09-03 21:40:26 | INFO     | app.api.bybit_rest:get_top_symbols:70 - Found 50 symbols
2026-09-03 21:40:31 | INFO     | app.api.bybit_ws:connect:76 - Connected to 0GUSDT
2026-09-03 21:40:31 | ERROR    | app.analysis.levels:calculate_levels:42 - Error calculating levels for 0GUSDT: local variable 'config' referenced before assignment
2026-09-03 21:40:31 | INFO     | app.analysis.levels:update_levels_for_symbol:138 - Updated levels for 0GUSDT: 0 levels found
2026-09-03 21:40:34 | INFO     | app.api.bybit_ws:connect:76 - Connected to 1000000BABYDOGEUSDT
2026-09-03 21:40:34 | ERROR    | app.analysis.levels:calculate_levels:42 - Error calculating levels for 1000000BABYDOGEUSDT: local variable 'config' referenced before assignment
2026-09-03 21:40:34 | INFO     | app.analysis.levels:update_levels_for_symbol:138 - Updated levels for 1000000BABYDOGEUSDT: 0 levels found
2026-09-03 21:40:35 | INFO     | app.api.bybit_ws:connect:76 - Connected to 1000000MOGUSDT
2026-09-03 21:40:35 | ERROR    | app.analysis.levels:calculate_levels:42 - Error calculating levels for 1000000MOGUSDT: local variable 'config' referenced before assignment
2026-09-03 21:40:35 | INFO     | app.analysis.levels:update_levels_for_symbol:138 - Updated levels for 1000000MOGUSDT: 0 levels found
2026-09-03 21:40:36 | INFO     | app.api.bybit_ws:connect:76 - Connected to 10000NEXUSDT
2026-09-03 21:40:36 | ERROR    | app.analysis.levels:calculate_levels:42 - Error calculating levels for 10000NEXUSDT: local variable 'config' referenced before assignment
2026-09-03 21:40:36 | INFO     | app.analysis.levels:update_levels_for_symbol:138 - Updated levels for 10000NEXUSDT: 0 levels found
2026-09-03 21:40:38 | INFO     | app.api.bybit_ws:connect:76 - Connected to 10000SATSUSDT
2026-09-03 21:40:38 | ERROR    | app.analysis.levels:calculate_levels:42 - Error calculating levels for 10000SATSUSDT: local variable 'config' referenced before assignment
2026-09-03 21:40:38 | INFO     | app.analysis.levels:update_levels_for_symbol:138 - Updated levels for 10000SATSUSDT: 0 levels found
2026-09-03 21:40:38 | INFO     | app.api.bybit_ws:connect:76 - Connected to 1000BONKUSDT
2026-09-03 21:40:38 | ERROR    | app.analysis.levels:calculate_levels:42 - Error calculating levels for 1000BONKUSDT: local variable 'config' referenced before assignment
2026-09-03 21:40:38 | INFO     | app.analysis.levels:update_levels_for_symbol:138 - Updated levels for 1000BONKUSDT: 0 levels found
2026-09-03 21:40:39 | INFO     | app.api.bybit_ws:connect:76 - Connected to 1000BTTUSDT
2026-09-03 21:40:39 | ERROR    | app.analysis.levels:calculate_levels:42 - Error calculating levels for 1000BTTUSDT: local variable 'config' referenced before assignment
2026-09-03 21:40:39 | INFO     | app.analysis.levels:update_levels_for_symbol:138 - Updated levels for 1000BTTUSDT: 0 levels found
2026-09-03 21:40:40 | INFO     | app.api.bybit_ws:connect:76 - Connected to 1000CATUSDT
2026-09-03 21:40:40 | ERROR    | app.analysis.levels:calculate_levels:42 - Error calculating levels for 1000CATUSDT: local variable 'config' referenced before assignment
2026-09-03 21:40:40 | INFO     | app.analysis.levels:update_levels_for_symbol:138 - Updated levels for 1000CATUSDT: 0 levels found
2026-09-03 21:40:40 | INFO     | app.main:_signal_handler:60 - Received signal 2, shutting down...
2026-09-03 21:40:40 | INFO     | app.main:_signal_handler:60 - Received signal 2, shutting down...
2026-09-03 21:40:41 | INFO     | app.main:_signal_handler:60 - Received signal 2, shutting down...
2026-09-03 21:40:41 | INFO     | app.api.bybit_ws:connect:76 - Connected to 1000FLOKIUSDT
2026-09-03 21:40:41 | ERROR    | app.analysis.levels:calculate_levels:42 - Error calculating levels for 1000FLOKIUSDT: local variable 'config' referenced before assignment
2026-09-03 21:40:41 | INFO     | app.analysis.levels:update_levels_for_symbol:138 - Updated levels for 1000FLOKIUSDT: 0 levels found
2026-09-03 21:40:42 | INFO     | app.api.bybit_ws:connect:76 - Connected to 1000LUNCUSDT
2026-09-03 21:40:42 | ERROR    | app.analysis.levels:calculate_levels:42 - Error calculating levels for 1000LUNCUSDT: local variable 'config' referenced before assignment
2026-09-03 21:40:42 | INFO     | app.analysis.levels:update_levels_for_symbol:138 - Updated levels for 1000LUNCUSDT: 0 levels found
2026-09-03 21:40:42 | INFO     | app.api.bybit_ws:connect:76 - Connected to 1000NEIROCTOUSDT
2026-09-03 21:40:42 | ERROR    | app.analysis.levels:calculate_levels:42 - Error calculating levels for 1000NEIROCTOUSDT: local variable 'config' referenced before assignment
2026-09-03 21:40:42 | INFO     | app.analysis.levels:update_levels_for_symbol:138 - Updated levels for 1000NEIROCTOUSDT: 0 levels found
2026-09-03 21:40:43 | INFO     | app.api.bybit_ws:connect:76 - Connected to 1000PEPEUSDT
2026-09-03 21:40:43 | ERROR    | app.analysis.levels:calculate_levels:42 - Error calculating levels for 1000PEPEUSDT: local variable 'config' referenced before assignment
2026-09-03 21:40:43 | INFO     | app.analysis.levels:update_levels_for_symbol:138 - Updated levels for 1000PEPEUSDT: 0 levels found
2026-09-03 21:40:44 | INFO     | app.api.bybit_ws:connect:76 - Connected to 1000RATSUSDT
2026-09-03 21:40:44 | ERROR    | app.analysis.levels:calculate_levels:42 - Error calculating levels for 1000RATSUSDT: local variable 'config' referenced before assignment
2026-09-03 21:40:44 | INFO     | app.analysis.levels:update_levels_for_symbol:138 - Updated levels for 1000RATSUSDT: 0 levels found
2026-09-03 21:40:45 | INFO     | app.api.bybit_ws:connect:76 - Connected to 1000TAGUSDT
2026-09-03 21:40:45 | ERROR    | app.analysis.levels:calculate_levels:42 - Error calculating levels for 1000TAGUSDT: local variable 'config' referenced before assignment
2026-09-03 21:40:45 | INFO     | app.analysis.levels:update_levels_for_symbol:138 - Updated levels for 1000TAGUSDT: 0 levels found
2026-09-03 21:40:46 | INFO     | app.api.bybit_ws:connect:76 - Connected to 1000TOSHIUSDT
2026-09-03 21:40:46 | ERROR    | app.analysis.levels:calculate_levels:42 - Error calculating levels for 1000TOSHIUSDT: local variable 'config' referenced before assignment
2026-09-03 21:40:46 | INFO     | app.analysis.levels:update_levels_for_symbol:138 - Updated levels for 1000TOSHIUSDT: 0 levels found
2026-09-03 21:40:47 | INFO     | app.api.bybit_ws:connect:76 - Connected to 1000TURBOUSDT
2026-09-03 21:40:47 | ERROR    | app.analysis.levels:calculate_levels:42 - Error calculating levels for 1000TURBOUSDT: local variable 'config' referenced before assignment
2026-09-03 21:40:47 | INFO     | app.analysis.levels:update_levels_for_symbol:138 - Updated levels for 1000TURBOUSDT: 0 levels found
2026-09-03 21:40:47 | INFO     | app.api.bybit_ws:connect:76 - Connected to 1000XECUSDT
2026-09-03 21:40:47 | ERROR    | app.analysis.levels:calculate_levels:42 - Error calculating levels for 1000XECUSDT: local variable 'config' referenced before assignment
2026-09-03 21:40:47 | INFO     | app.analysis.levels:update_levels_for_symbol:138 - Updated levels for 1000XECUSDT: 0 levels found
2026-09-03 21:40:48 | INFO     | app.api.bybit_ws:connect:76 - Connected to 1INCHUSDT
2026-09-03 21:40:48 | ERROR    | app.analysis.levels:calculate_levels:42 - Error calculating levels for 1INCHUSDT: local variable 'config' referenced before assignment
2026-09-03 21:40:48 | INFO     | app.analysis.levels:update_levels_for_symbol:138 - Updated levels for 1INCHUSDT: 0 levels found
2026-09-03 21:40:49 | INFO     | app.api.bybit_ws:connect:76 - Connected to 2ZUSDT
2026-09-03 21:40:49 | ERROR    | app.analysis.levels:calculate_levels:42 - Error calculating levels for 2ZUSDT: local variable 'config' referenced before assignment
2026-09-03 21:40:49 | INFO     | app.analysis.levels:update_levels_for_symbol:138 - Updated levels for 2ZUSDT: 0 levels found
2026-09-03 21:40:50 | INFO     | app.api.bybit_ws:connect:76 - Connected to 4USDT
2026-09-03 21:40:50 | ERROR    | app.analysis.levels:calculate_levels:42 - Error calculating levels for 4USDT: local variable 'config' referenced before assignment
2026-09-03 21:40:50 | INFO     | app.analysis.levels:update_levels_for_symbol:138 - Updated levels for 4USDT: 0 levels found
2026-09-03 21:40:51 | INFO     | app.api.bybit_ws:connect:76 - Connected to AALUSDT
2026-09-03 21:40:51 | ERROR    | app.analysis.levels:calculate_levels:42 - Error calculating levels for AALUSDT: local variable 'config' referenced before assignment
2026-09-03 21:40:51 | INFO     | app.analysis.levels:update_levels_for_symbol:138 - Updated levels for AALUSDT: 0 levels found
2026-09-03 21:40:51 | INFO     | app.api.bybit_ws:connect:76 - Connected to AAOIUSDT
2026-09-03 21:40:51 | ERROR    | app.analysis.levels:calculate_levels:42 - Error calculating levels for AAOIUSDT: local variable 'config' referenced before assignment
2026-09-03 21:40:51 | INFO     | app.analysis.levels:update_levels_for_symbol:138 - Updated levels for AAOIUSDT: 0 levels found
2026-09-03 21:40:52 | INFO     | app.api.bybit_ws:connect:76 - Connected to AAPLUSDT
2026-09-03 21:40:52 | ERROR    | app.analysis.levels:calculate_levels:42 - Error calculating levels for AAPLUSDT: local variable 'config' referenced before assignment
2026-09-03 21:40:52 | INFO     | app.analysis.levels:update_levels_for_symbol:138 - Updated levels for AAPLUSDT: 0 levels found
2026-09-03 21:40:53 | INFO     | app.api.bybit_ws:connect:76 - Connected to AAVEUSDT
2026-09-03 21:40:53 | ERROR    | app.analysis.levels:calculate_levels:42 - Error calculating levels for AAVEUSDT: local variable 'config' referenced before assignment
2026-09-03 21:40:53 | INFO     | app.analysis.levels:update_levels_for_symbol:138 - Updated levels for AAVEUSDT: 0 levels found
2026-09-03 21:40:54 | INFO     | app.api.bybit_ws:connect:76 - Connected to ACEUSDT
2026-09-03 21:40:54 | ERROR    | app.analysis.levels:calculate_levels:42 - Error calculating levels for ACEUSDT: local variable 'config' referenced before assignment
2026-09-03 21:40:54 | INFO     | app.analysis.levels:update_levels_for_symbol:138 - Updated levels for ACEUSDT: 0 levels found
2026-09-03 21:40:55 | INFO     | app.api.bybit_ws:connect:76 - Connected to ACHUSDT
2026-09-03 21:40:55 | ERROR    | app.analysis.levels:calculate_levels:42 - Error calculating levels for ACHUSDT: local variable 'config' referenced before assignment
2026-09-03 21:40:55 | INFO     | app.analysis.levels:update_levels_for_symbol:138 - Updated levels for ACHUSDT: 0 levels found
2026-09-03 21:40:55 | INFO     | app.api.bybit_ws:connect:76 - Connected to ACTUSDT
2026-09-03 21:40:55 | ERROR    | app.analysis.levels:calculate_levels:42 - Error calculating levels for ACTUSDT: local variable 'config' referenced before assignment
2026-09-03 21:40:55 | INFO     | app.analysis.levels:update_levels_for_symbol:138 - Updated levels for ACTUSDT: 0 levels found
2026-09-03 21:40:56 | INFO     | app.api.bybit_ws:connect:76 - Connected to ACUUSDT
2026-09-03 21:40:56 | ERROR    | app.analysis.levels:calculate_levels:42 - Error calculating levels for ACUUSDT: local variable 'config' referenced before assignment
2026-09-03 21:40:56 | INFO     | app.analysis.levels:update_levels_for_symbol:138 - Updated levels for ACUUSDT: 0 levels found
2026-09-03 21:41:01 | INFO     | app.main:_signal_handler:60 - Received signal 2, shutting down...
2026-09-03 21:41:01 | INFO     | app.main:_signal_handler:60 - Received signal 2, shutting down...
2026-09-03 21:41:02 | INFO     | app.api.bybit_ws:connect:76 - Connected to ADAUSDT
2026-09-03 21:41:02 | ERROR    | app.analysis.levels:calculate_levels:42 - Error calculating levels for ADAUSDT: local variable 'config' referenced before assignment
2026-09-03 21:41:02 | INFO     | app.analysis.levels:update_levels_for_symbol:138 - Updated levels for ADAUSDT: 0 levels found
2026-09-03 21:41:02 | INFO     | app.main:_signal_handler:60 - Received signal 2, shutting down...
2026-09-03 21:41:02 | INFO     | app.api.bybit_ws:connect:76 - Connected to ADBEUSDT
2026-09-03 21:41:02 | ERROR    | app.analysis.levels:calculate_levels:42 - Error calculating levels for ADBEUSDT: local variable 'config' referenced before assignment
2026-09-03 21:41:02 | INFO     | app.analysis.levels:update_levels_for_symbol:138 - Updated levels for ADBEUSDT: 0 levels found
2026-09-03 21:41:03 | INFO     | app.api.bybit_ws:connect:76 - Connected to ADIUSDT
2026-09-03 21:41:03 | ERROR    | app.analysis.levels:calculate_levels:42 - Error calculating levels for ADIUSDT: local variable 'config' referenced before assignment
2026-09-03 21:41:03 | INFO     | app.analysis.levels:update_levels_for_symbol:138 - Updated levels for ADIUSDT: 0 levels found
2026-09-03 21:41:04 | INFO     | app.api.bybit_ws:connect:76 - Connected to AEHRUSDT
2026-09-03 21:41:04 | ERROR    | app.analysis.levels:calculate_levels:42 - Error calculating levels for AEHRUSDT: local variable 'config' referenced before assignment
2026-09-03 21:41:04 | INFO     | app.analysis.levels:update_levels_for_symbol:138 - Updated levels for AEHRUSDT: 0 levels found
2026-09-03 21:41:05 | INFO     | app.api.bybit_ws:connect:76 - Connected to AEONUSDT
2026-09-03 21:41:05 | ERROR    | app.analysis.levels:calculate_levels:42 - Error calculating levels for AEONUSDT: local variable 'config' referenced before assignment
2026-09-03 21:41:05 | INFO     | app.analysis.levels:update_levels_for_symbol:138 - Updated levels for AEONUSDT: 0 levels found
2026-09-03 21:41:05 | INFO     | app.main:_signal_handler:60 - Received signal 2, shutting down...
2026-09-03 21:41:05 | INFO     | app.main:_signal_handler:60 - Received signal 2, shutting down...
2026-09-03 21:41:05 | INFO     | app.main:_signal_handler:60 - Received signal 2, shutting down...
2026-09-03 21:41:06 | INFO     | app.api.bybit_ws:connect:76 - Connected to AEROUSDT
2026-09-03 21:41:06 | ERROR    | app.analysis.levels:calculate_levels:42 - Error calculating levels for AEROUSDT: local variable 'config' referenced before assignment
2026-09-03 21:41:06 | INFO     | app.analysis.levels:update_levels_for_symbol:138 - Updated levels for AEROUSDT: 0 levels found
2026-09-03 21:41:06 | INFO     | app.main:_signal_handler:60 - Received signal 2, shutting down...
2026-09-03 21:41:06 | INFO     | app.main:_signal_handler:60 - Received signal 2, shutting down...
2026-09-03 21:41:06 | INFO     | app.main:_signal_handler:60 - Received signal 2, shutting down...
2026-09-03 21:41:06 | INFO     | app.api.bybit_ws:connect:76 - Connected to AEVOUSDT
2026-09-03 21:41:06 | ERROR    | app.analysis.levels:calculate_levels:42 - Error calculating levels for AEVOUSDT: local variable 'config' referenced before assignment
2026-09-03 21:41:06 | INFO     | app.analysis.levels:update_levels_for_symbol:138 - Updated levels for AEVOUSDT: 0 levels found
2026-09-03 21:41:07 | INFO     | app.main:_signal_handler:60 - Received signal 2, shutting down...
2026-09-03 21:41:07 | INFO     | app.main:_signal_handler:60 - Received signal 2, shutting down...
2026-09-03 21:41:07 | INFO     | app.main:_signal_handler:60 - Received signal 2, shutting down...
2026-09-03 21:41:07 | INFO     | app.main:_signal_handler:60 - Received signal 2, shutting down...
2026-09-03 21:41:07 | INFO     | app.api.bybit_ws:connect:76 - Connected to AGIUSDT
2026-09-03 21:41:07 | ERROR    | app.analysis.levels:calculate_levels:42 - Error calculating levels for AGIUSDT: local variable 'config' referenced before assignment
2026-09-03 21:41:07 | INFO     | app.analysis.levels:update_levels_for_symbol:138 - Updated levels for AGIUSDT: 0 levels found
2026-09-03 21:41:07 | INFO     | app.main:_signal_handler:60 - Received signal 2, shutting down...
2026-09-03 21:41:07 | INFO     | app.main:_signal_handler:60 - Received signal 2, shutting down...
2026-09-03 21:41:07 | INFO     | app.main:_signal_handler:60 - Received signal 2, shutting down...
2026-09-03 21:41:07 | INFO     | app.main:_signal_handler:60 - Received signal 2, shutting down...
2026-09-03 21:41:07 | INFO     | app.main:_signal_handler:60 - Received signal 2, shutting down...
2026-09-03 21:41:07 | INFO     | app.main:_signal_handler:60 - Received signal 2, shutting down...
2026-09-03 21:41:07 | INFO     | app.main:_signal_handler:60 - Received signal 2, shutting down...
2026-09-03 21:41:07 | INFO     | app.main:_signal_handler:60 - Received signal 2, shutting down...
2026-09-03 21:41:07 | INFO     | app.main:_signal_handler:60 - Received signal 2, shutting down...
2026-09-03 21:41:07 | INFO     | app.main:_signal_handler:60 - Received signal 2, shutting down...
2026-09-03 21:41:08 | INFO     | app.main:_signal_handler:60 - Received signal 2, shutting down...
2026-09-03 21:41:08 | INFO     | app.main:_signal_handler:60 - Received signal 2, shutting down...
2026-09-03 21:41:08 | INFO     | app.main:_signal_handler:60 - Received signal 2, shutting down...
2026-09-03 21:41:08 | INFO     | app.main:_signal_handler:60 - Received signal 2, shutting down...
2026-09-03 21:41:08 | INFO     | app.main:_signal_handler:60 - Received signal 2, shutting down...
2026-09-03 21:41:08 | INFO     | app.main:_signal_handler:60 - Received signal 2, shutting down...
2026-09-03 21:41:08 | INFO     | app.main:_signal_handler:60 - Received signal 2, shutting down...
2026-09-03 21:41:08 | INFO     | app.main:_signal_handler:60 - Received signal 2, shutting down...
2026-09-03 21:41:08 | INFO     | app.main:_signal_handler:60 - Received signal 2, shutting down...
2026-09-03 21:41:08 | INFO     | app.main:_signal_handler:60 - Received signal 2, shutting down...
2026-09-03 21:41:08 | INFO     | app.main:_signal_handler:60 - Received signal 2, shutting down...
2026-09-03 21:41:08 | INFO     | app.main:_signal_handler:60 - Received signal 2, shutting down...
2026-09-03 21:41:08 | INFO     | app.main:_signal_handler:60 - Received signal 2, shutting down...
2026-09-03 21:41:08 | INFO     | app.main:_signal_handler:60 - Received signal 2, shutting down...
2026-09-03 21:41:08 | INFO     | app.main:_signal_handler:60 - Received signal 2, shutting down...
2026-09-03 21:41:08 | INFO     | app.api.bybit_ws:connect:76 - Connected to AGLDUSDT
2026-09-03 21:41:08 | ERROR    | app.analysis.levels:calculate_levels:42 - Error calculating levels for AGLDUSDT: local variable 'config' referenced before assignment
2026-09-03 21:41:08 | INFO     | app.analysis.levels:update_levels_for_symbol:138 - Updated levels for AGLDUSDT: 0 levels found
2026-09-03 21:41:08 | INFO     | app.main:_signal_handler:60 - Received signal 2, shutting down...
2026-09-03 21:41:08 | INFO     | app.main:_signal_handler:60 - Received signal 2, shutting down...
2026-09-03 21:41:08 | INFO     | app.main:_signal_handler:60 - Received signal 2, shutting down...
2026-09-03 21:41:08 | INFO     | app.main:_signal_handler:60 - Received signal 2, shutting down...
2026-09-03 21:41:08 | INFO     | app.main:_signal_handler:60 - Received signal 2, shutting down...
2026-09-03 21:41:08 | INFO     | app.main:_signal_handler:60 - Received signal 2, shutting down...
2026-09-03 21:41:08 | INFO     | app.main:_signal_handler:60 - Received signal 2, shutting down...
2026-09-03 21:41:08 | INFO     | app.main:_signal_handler:60 - Received signal 2, shutting down...
2026-09-03 21:41:08 | INFO     | app.main:_signal_handler:60 - Received signal 2, shutting down...
2026-09-03 21:41:08 | INFO     | app.main:_signal_handler:60 - Received signal 2, shutting down...
2026-09-03 21:41:08 | INFO     | app.main:_signal_handler:60 - Received signal 2, shutting down...
2026-09-03 21:41:08 | INFO     | app.main:_signal_handler:60 - Received signal 2, shutting down...
2026-09-03 21:41:08 | INFO     | app.main:_signal_handler:60 - Received signal 2, shutting down...
2026-09-03 21:41:08 | INFO     | app.main:_signal_handler:60 - Received signal 2, shutting down...
2026-09-03 21:41:08 | INFO     | app.main:_signal_handler:60 - Received signal 2, shutting down...
2026-09-03 21:41:08 | INFO     | app.main:_signal_handler:60 - Received signal 2, shutting down...
2026-09-03 21:41:08 | INFO     | app.main:_signal_handler:60 - Received signal 2, shutting down...
2026-09-03 21:41:08 | INFO     | app.main:_signal_handler:60 - Received signal 2, shutting down...
2026-09-03 21:41:08 | INFO     | app.main:_signal_handler:60 - Received signal 2, shutting down...
2026-09-03 21:41:09 | INFO     | app.main:_signal_handler:60 - Received signal 2, shutting down...
2026-09-03 21:41:09 | INFO     | app.main:_signal_handler:60 - Received signal 2, shutting down...
2026-09-03 21:41:09 | INFO     | app.main:_signal_handler:60 - Received signal 2, shutting down...
2026-09-03 21:41:09 | INFO     | app.main:_signal_handler:60 - Received signal 2, shutting down...
2026-09-03 21:41:09 | INFO     | app.main:_signal_handler:60 - Received signal 2, shutting down...
2026-09-03 21:41:09 | INFO     | app.main:_signal_handler:60 - Received signal 2, shutting down...
2026-09-03 21:41:09 | INFO     | app.main:_signal_handler:60 - Received signal 2, shutting down...
2026-09-03 21:41:09 | INFO     | app.main:_signal_handler:60 - Received signal 2, shutting down...
2026-09-03 21:41:09 | INFO     | app.main:_signal_handler:60 - Received signal 2, shutting down...
2026-09-03 21:41:09 | INFO     | app.api.bybit_ws:connect:76 - Connected to AIGENSYNUSDT
2026-09-03 21:41:09 | ERROR    | app.analysis.levels:calculate_levels:42 - Error calculating levels for AIGENSYNUSDT: local variable 'config' referenced before assignment
2026-09-03 21:41:09 | INFO     | app.analysis.levels:update_levels_for_symbol:138 - Updated levels for AIGENSYNUSDT: 0 levels found
2026-09-03 21:41:09 | INFO     | app.main:_signal_handler:60 - Received signal 2, shutting down...
2026-09-03 21:41:09 | INFO     | app.main:_signal_handler:60 - Received signal 2, shutting down...
2026-09-03 21:41:09 | INFO     | app.main:_signal_handler:60 - Received signal 2, shutting down...
2026-09-03 21:41:09 | INFO     | app.main:_signal_handler:60 - Received signal 2, shutting down...
2026-09-03 21:41:09 | INFO     | app.main:_signal_handler:60 - Received signal 2, shutting down...
2026-09-03 21:41:09 | INFO     | app.main:_signal_handler:60 - Received signal 2, shutting down...
2026-09-03 21:41:09 | INFO     | app.main:_signal_handler:60 - Received signal 2, shutting down...
2026-09-03 21:41:09 | INFO     | app.main:_signal_handler:60 - Received signal 2, shutting down...
2026-09-03 21:41:09 | INFO     | app.main:_signal_handler:60 - Received signal 2, shutting down...
2026-09-03 21:41:09 | INFO     | app.main:_signal_handler:60 - Received signal 2, shutting down...
2026-09-03 21:41:09 | INFO     | app.main:_signal_handler:60 - Received signal 2, shutting down...
2026-09-03 21:41:09 | INFO     | app.main:_signal_handler:60 - Received signal 2, shutting down...
2026-09-03 21:41:09 | INFO     | app.main:_signal_handler:60 - Received signal 2, shutting down...
2026-09-03 21:41:09 | INFO     | app.main:_signal_handler:60 - Received signal 2, shutting down...
2026-09-03 21:41:09 | INFO     | app.main:_signal_handler:60 - Received signal 2, shutting down...
2026-09-03 21:41:09 | INFO     | app.main:_signal_handler:60 - Received signal 2, shutting down...
2026-09-03 21:41:09 | INFO     | app.main:_signal_handler:60 - Received signal 2, shutting down...
2026-09-03 21:41:09 | INFO     | app.main:_signal_handler:60 - Received signal 2, shutting down...
2026-09-03 21:41:09 | INFO     | app.main:_signal_handler:60 - Received signal 2, shutting down...
2026-09-03 21:41:09 | INFO     | app.main:_signal_handler:60 - Received signal 2, shutting down...
2026-09-03 21:41:09 | INFO     | app.main:_signal_handler:60 - Received signal 2, shutting down...
2026-09-03 21:41:09 | INFO     | app.main:_signal_handler:60 - Received signal 2, shutting down...
2026-09-03 21:41:09 | INFO     | app.main:_signal_handler:60 - Received signal 2, shutting down...
2026-09-03 21:41:09 | INFO     | app.main:_signal_handler:60 - Received signal 2, shutting down...
2026-09-03 21:41:10 | INFO     | app.main:_signal_handler:60 - Received signal 2, shutting down...
2026-09-03 21:41:10 | INFO     | app.main:_signal_handler:60 - Received signal 2, shutting down...
2026-09-03 21:41:10 | INFO     | app.api.bybit_ws:connect:76 - Connected to AIOUSDT
2026-09-03 21:41:10 | ERROR    | app.analysis.levels:calculate_levels:42 - Error calculating levels for AIOUSDT: local variable 'config' referenced before assignment
2026-09-03 21:41:10 | INFO     | app.analysis.levels:update_levels_for_symbol:138 - Updated levels for AIOUSDT: 0 levels found
2026-09-03 21:41:10 | INFO     | app.main:_signal_handler:60 - Received signal 2, shutting down...
2026-09-03 21:41:10 | INFO     | app.main:_signal_handler:60 - Received signal 2, shutting down...
2026-09-03 21:41:10 | INFO     | app.main:_signal_handler:60 - Received signal 2, shutting down...
2026-09-03 21:41:10 | INFO     | app.main:_signal_handler:60 - Received signal 2, shutting down...
2026-09-03 21:41:10 | INFO     | app.main:_signal_handler:60 - Received signal 2, shutting down...
2026-09-03 21:41:10 | INFO     | app.main:_signal_handler:60 - Received signal 2, shutting down...
2026-09-03 21:41:10 | INFO     | app.main:_signal_handler:60 - Received signal 2, shutting down...
2026-09-03 21:41:10 | INFO     | app.main:_signal_handler:60 - Received signal 2, shutting down...
2026-09-03 21:41:10 | INFO     | app.main:_signal_handler:60 - Received signal 2, shutting down...
2026-09-03 21:41:10 | INFO     | app.main:_signal_handler:60 - Received signal 2, shutting down...
2026-09-03 21:41:10 | INFO     | app.main:_signal_handler:60 - Received signal 2, shutting down...
2026-09-03 21:41:10 | INFO     | app.api.bybit_ws:connect:76 - Connected to AIOZUSDT
2026-09-03 21:41:10 | ERROR    | app.analysis.levels:calculate_levels:42 - Error calculating levels for AIOZUSDT: local variable 'config' referenced before assignment
2026-09-03 21:41:10 | INFO     | app.analysis.levels:update_levels_for_symbol:138 - Updated levels for AIOZUSDT: 0 levels found
2026-09-03 21:41:11 | INFO     | app.api.bybit_ws:connect:76 - Connected to AIXBTUSDT
2026-09-03 21:41:11 | ERROR    | app.analysis.levels:calculate_levels:42 - Error calculating levels for AIXBTUSDT: local variable 'config' referenced before assignment
2026-09-03 21:41:11 | INFO     | app.analysis.levels:update_levels_for_symbol:138 - Updated levels for AIXBTUSDT: 0 levels found
2026-09-03 21:41:12 | INFO     | app.api.bybit_ws:connect:76 - Connected to AKEUSDT
2026-09-03 21:41:12 | ERROR    | app.analysis.levels:calculate_levels:42 - Error calculating levels for AKEUSDT: local variable 'config' referenced before assignment
2026-09-03 21:41:12 | INFO     | app.analysis.levels:update_levels_for_symbol:138 - Updated levels for AKEUSDT: 0 levels found
2026-09-03 21:41:13 | INFO     | app.api.bybit_ws:connect:76 - Connected to AKTUSDT
2026-09-03 21:41:13 | ERROR    | app.analysis.levels:calculate_levels:42 - Error calculating levels for AKTUSDT: local variable 'config' referenced before assignment
2026-09-03 21:41:13 | INFO     | app.analysis.levels:update_levels_for_symbol:138 - Updated levels for AKTUSDT: 0 levels found
2026-09-03 21:41:13 | INFO     | app.api.bybit_ws:connect:76 - Connected to ALABUSDT
2026-09-03 21:41:13 | ERROR    | app.analysis.levels:calculate_levels:42 - Error calculating levels for ALABUSDT: local variable 'config' referenced before assignment
2026-09-03 21:41:13 | INFO     | app.analysis.levels:update_levels_for_symbol:138 - Updated levels for ALABUSDT: 0 levels found
2026-09-03 21:41:14 | INFO     | app.api.bybit_ws:connect:76 - Connected to ALCHUSDT
2026-09-03 21:41:14 | ERROR    | app.analysis.levels:calculate_levels:42 - Error calculating levels for ALCHUSDT: local variable 'config' referenced before assignment
2026-09-03 21:41:14 | INFO     | app.analysis.levels:update_levels_for_symbol:138 - Updated levels for ALCHUSDT: 0 levels found
2026-09-03 21:41:15 | INFO     | app.api.bybit_ws:connect:76 - Connected to ALGOUSDT
2026-09-03 21:41:15 | ERROR    | app.analysis.levels:calculate_levels:42 - Error calculating levels for ALGOUSDT: local variable 'config' referenced before assignment
2026-09-03 21:41:15 | INFO     | app.analysis.levels:update_levels_for_symbol:138 - Updated levels for ALGOUSDT: 0 levels found
2026-09-03 21:41:16 | INFO     | app.api.bybit_ws:connect:76 - Connected to ALICEUSDT
2026-09-03 21:41:16 | ERROR    | app.analysis.levels:calculate_levels:42 - Error calculating levels for ALICEUSDT: local variable 'config' referenced before assignment
2026-09-03 21:41:16 | INFO     | app.analysis.levels:update_levels_for_symbol:138 - Updated levels for ALICEUSDT: 0 levels found
2026-09-03 21:41:17 | INFO     | app.api.bybit_ws:connect:76 - Connected to ALLOUSDT
2026-09-03 21:41:17 | ERROR    | app.analysis.levels:calculate_levels:42 - Error calculating levels for ALLOUSDT: local variable 'config' referenced before assignment
2026-09-03 21:41:17 | INFO     | app.analysis.levels:update_levels_for_symbol:138 - Updated levels for ALLOUSDT: 0 levels found
2026-09-03 21:41:17 | INFO     | app.api.bybit_ws:connect:76 - Connected to ALPINEUSDT
2026-09-03 21:41:17 | ERROR    | app.analysis.levels:calculate_levels:42 - Error calculating levels for ALPINEUSDT: local variable 'config' referenced before assignment
2026-09-03 21:41:17 | INFO     | app.analysis.levels:update_levels_for_symbol:138 - Updated levels for ALPINEUSDT: 0 levels found
2026-09-03 21:41:18 | INFO     | app.api.bybit_ws:connect:76 - Connected to ALTUSDT
2026-09-03 21:41:18 | ERROR    | app.analysis.levels:calculate_levels:42 - Error calculating levels for ALTUSDT: local variable 'config' referenced before assignment
2026-09-03 21:41:18 | INFO     | app.analysis.levels:update_levels_for_symbol:138 - Updated levels for ALTUSDT: 0 levels found
2026-09-03 21:41:18 | INFO     | app.main:update_symbols:117 - ✅ Updated symbols: 50 active
2026-09-03 21:41:18 | INFO     | app.api.bybit_ws:start:121 - WebSocket manager started
2026-09-03 21:41:18 | INFO     | app.data.orderbook:start:331 - Orderbook manager started
2026-09-03 21:41:18 | INFO     | app.signals.engine:start:358 - Signal engine started
2026-09-03 21:41:18 | INFO     | app.scheduler.tasks:start:16 - Scheduler started
2026-09-03 21:41:18 | INFO     | app.main:start:98 - 🎯 Market Bot started with 50 symbols
2026-09-03 21:41:18 | INFO     | app.main:run:127 - 🔄 Bot is running. Press Ctrl+C to stop.
2026-09-03 21:41:18 | INFO     | app.main:shutdown:142 - 🛑 Shutting down...
2026-09-03 21:41:18 | INFO     | app.notifications.telegram:start:208 - Telegram notifier started
2026-09-03 21:41:18 | INFO     | app.scheduler.tasks:stop:32 - Scheduler stopped
2026-09-03 21:41:18 | INFO     | app.signals.engine:stop:364 - Signal engine stopped
2026-09-03 21:41:18 | INFO     | app.data.orderbook:stop:339 - Orderbook manager stopped
2026-09-03 21:41:24 | INFO     | app.main:_signal_handler:60 - Received signal 2, shutting down...
2026-09-03 21:41:25 | INFO     | app.main:_signal_handler:60 - Received signal 2, shutting down...
2026-09-03 21:41:25 | INFO     | app.main:_signal_handler:60 - Received signal 2, shutting down...
2026-09-03 21:42:04 | INFO     | app.api.bybit_ws:stop:131 - WebSocket manager stopped
2026-09-03 21:42:04 | INFO     | app.main:shutdown:156 - ✅ Shutdown complete
2026-09-03 21:42:34 | INFO     | app.main:__init__:37 - Initializing MarketBot...
2026-09-03 21:42:34 | INFO     | app.storage.redis:_connect:23 - Connected to Redis
2026-09-03 21:42:34 | INFO     | app.main:initialize:64 - Initializing components...
2026-09-03 21:42:34 | ERROR    | app.storage.postgres:connect:24 - PostgreSQL connection error: connection was closed in the middle of operation
2026-09-03 21:42:34 | INFO     | app.main:initialize:68 - ✅ PostgreSQL connected
2026-09-03 21:42:34 | INFO     | app.main:initialize:80 - ✅ All components initialized
2026-09-03 21:42:34 | INFO     | app.main:start:88 - 🚀 Starting Market Bot...
2026-09-03 21:42:34 | INFO     | app.main:update_symbols:106 - Updating symbols...
2026-09-03 21:42:35 | INFO     | app.api.bybit_rest:get_top_symbols:70 - Found 50 symbols
2026-09-03 21:42:45 | ERROR    | app.api.bybit_ws:connect:82 - Connection error for 0GUSDT: timed out during opening handshake
2026-09-03 21:43:00 | ERROR    | app.api.bybit_ws:connect:82 - Connection error for 0GUSDT: timed out during opening handshake
2026-09-03 21:43:11 | INFO     | app.api.bybit_ws:connect:76 - Connected to 0GUSDT
2026-09-03 21:43:13 | INFO     | app.analysis.levels:update_levels_for_symbol:138 - Updated levels for 0GUSDT: 0 levels found
2026-09-03 21:43:14 | INFO     | app.api.bybit_ws:connect:76 - Connected to 1000000BABYDOGEUSDT
2026-09-03 21:43:26 | INFO     | app.analysis.levels:update_levels_for_symbol:138 - Updated levels for 1000000BABYDOGEUSDT: 0 levels found
2026-09-03 21:43:30 | INFO     | app.api.bybit_ws:connect:76 - Connected to 1000000MOGUSDT
2026-09-03 21:43:58 | INFO     | app.analysis.levels:update_levels_for_symbol:138 - Updated levels for 1000000MOGUSDT: 0 levels found
2026-09-03 21:43:59 | INFO     | app.api.bybit_ws:connect:76 - Connected to 10000NEXUSDT
2026-09-03 21:44:23 | INFO     | app.analysis.levels:update_levels_for_symbol:138 - Updated levels for 10000NEXUSDT: 0 levels found
2026-09-03 21:44:33 | ERROR    | app.api.bybit_ws:connect:82 - Connection error for 10000SATSUSDT: timed out during opening handshake
2026-09-03 21:44:48 | ERROR    | app.api.bybit_ws:connect:82 - Connection error for 10000SATSUSDT: timed out during opening handshake
2026-09-03 21:44:57 | INFO     | app.api.bybit_ws:connect:76 - Connected to 10000SATSUSDT
2026-09-03 21:45:05 | ERROR    | app.api.bybit_rest:_request:27 - Request timeout: /v5/market/kline
2026-09-03 21:45:08 | INFO     | app.analysis.levels:update_levels_for_symbol:138 - Updated levels for 10000SATSUSDT: 0 levels found
2026-09-03 21:45:10 | INFO     | app.api.bybit_ws:connect:76 - Connected to 1000BONKUSDT
2026-09-03 21:45:16 | INFO     | app.analysis.levels:update_levels_for_symbol:138 - Updated levels for 1000BONKUSDT: 0 levels found
2026-09-03 21:45:17 | INFO     | app.api.bybit_ws:connect:76 - Connected to 1000BTTUSDT
2026-09-03 21:45:18 | INFO     | app.analysis.levels:update_levels_for_symbol:138 - Updated levels for 1000BTTUSDT: 0 levels found
2026-09-03 21:45:21 | INFO     | app.api.bybit_ws:connect:76 - Connected to 1000CATUSDT
2026-09-03 21:45:46 | INFO     | app.analysis.levels:update_levels_for_symbol:138 - Updated levels for 1000CATUSDT: 0 levels found
2026-09-03 21:45:56 | ERROR    | app.api.bybit_ws:connect:82 - Connection error for 1000FLOKIUSDT: timed out during opening handshake
2026-09-03 21:46:08 | INFO     | app.api.bybit_ws:connect:76 - Connected to 1000FLOKIUSDT
2026-09-03 21:46:09 | INFO     | app.analysis.levels:update_levels_for_symbol:138 - Updated levels for 1000FLOKIUSDT: 0 levels found
2026-09-03 21:46:10 | INFO     | app.api.bybit_ws:connect:76 - Connected to 1000LUNCUSDT
2026-09-03 21:46:18 | INFO     | app.analysis.levels:update_levels_for_symbol:138 - Updated levels for 1000LUNCUSDT: 0 levels found
2026-09-03 21:46:19 | INFO     | app.api.bybit_ws:connect:76 - Connected to 1000NEIROCTOUSDT
2026-09-03 21:46:37 | INFO     | app.analysis.levels:update_levels_for_symbol:138 - Updated levels for 1000NEIROCTOUSDT: 0 levels found
2026-09-03 21:46:38 | INFO     | app.api.bybit_ws:connect:76 - Connected to 1000PEPEUSDT
2026-09-03 21:46:46 | INFO     | app.analysis.levels:update_levels_for_symbol:138 - Updated levels for 1000PEPEUSDT: 0 levels found
2026-09-03 21:46:47 | INFO     | app.api.bybit_ws:connect:76 - Connected to 1000RATSUSDT
2026-09-03 21:47:13 | INFO     | app.analysis.levels:update_levels_for_symbol:138 - Updated levels for 1000RATSUSDT: 0 levels found
2026-09-03 21:47:14 | INFO     | app.api.bybit_ws:connect:76 - Connected to 1000TAGUSDT
2026-09-03 21:47:16 | INFO     | app.analysis.levels:update_levels_for_symbol:138 - Updated levels for 1000TAGUSDT: 0 levels found
2026-09-03 21:47:16 | INFO     | app.api.bybit_ws:connect:76 - Connected to 1000TOSHIUSDT
2026-09-03 21:47:18 | INFO     | app.analysis.levels:update_levels_for_symbol:138 - Updated levels for 1000TOSHIUSDT: 0 levels found
2026-09-03 21:47:19 | INFO     | app.api.bybit_ws:connect:76 - Connected to 1000TURBOUSDT
2026-09-03 21:47:20 | INFO     | app.analysis.levels:update_levels_for_symbol:138 - Updated levels for 1000TURBOUSDT: 0 levels found
2026-09-03 21:47:21 | INFO     | app.api.bybit_ws:connect:76 - Connected to 1000XECUSDT
2026-09-03 21:47:36 | INFO     | app.analysis.levels:update_levels_for_symbol:138 - Updated levels for 1000XECUSDT: 0 levels found
2026-09-03 21:47:42 | INFO     | app.main:_signal_handler:60 - Received signal 2, shutting down...
2026-09-03 21:47:43 | INFO     | app.main:_signal_handler:60 - Received signal 2, shutting down...
2026-09-03 21:47:43 | INFO     | app.main:_signal_handler:60 - Received signal 2, shutting down...
2026-09-03 21:47:43 | INFO     | app.main:_signal_handler:60 - Received signal 2, shutting down...
2026-09-03 21:47:44 | INFO     | app.main:_signal_handler:60 - Received signal 2, shutting down...
2026-09-03 21:47:44 | INFO     | app.main:_signal_handler:60 - Received signal 2, shutting down...
2026-09-03 21:47:44 | INFO     | app.main:_signal_handler:60 - Received signal 2, shutting down...
2026-09-03 21:47:44 | INFO     | app.main:_signal_handler:60 - Received signal 2, shutting down...
2026-09-03 21:47:44 | INFO     | app.main:_signal_handler:60 - Received signal 2, shutting down...
2026-09-03 21:47:44 | INFO     | app.main:_signal_handler:60 - Received signal 2, shutting down...
2026-09-03 21:47:44 | INFO     | app.main:_signal_handler:60 - Received signal 2, shutting down...
2026-09-03 21:47:44 | INFO     | app.main:_signal_handler:60 - Received signal 2, shutting down...
2026-09-03 21:47:44 | INFO     | app.main:_signal_handler:60 - Received signal 2, shutting down...
2026-09-03 21:47:44 | INFO     | app.main:_signal_handler:60 - Received signal 2, shutting down...
2026-09-03 21:47:44 | INFO     | app.main:_signal_handler:60 - Received signal 2, shutting down...
2026-09-03 21:47:44 | INFO     | app.main:_signal_handler:60 - Received signal 2, shutting down...
2026-09-03 21:47:44 | INFO     | app.main:_signal_handler:60 - Received signal 2, shutting down...
2026-09-03 21:47:44 | INFO     | app.main:_signal_handler:60 - Received signal 2, shutting down...
2026-09-03 21:47:44 | INFO     | app.main:_signal_handler:60 - Received signal 2, shutting down...
2026-09-03 21:47:45 | INFO     | app.main:_signal_handler:60 - Received signal 2, shutting down...
2026-09-03 21:47:45 | INFO     | app.main:_signal_handler:60 - Received signal 2, shutting down...
2026-09-03 21:47:45 | INFO     | app.main:_signal_handler:60 - Received signal 2, shutting down...
2026-09-03 21:47:45 | INFO     | app.main:_signal_handler:60 - Received signal 2, shutting down...
2026-09-03 21:47:45 | INFO     | app.main:_signal_handler:60 - Received signal 2, shutting down...
2026-09-03 21:47:45 | INFO     | app.main:_signal_handler:60 - Received signal 2, shutting down...
2026-09-03 21:47:45 | INFO     | app.main:_signal_handler:60 - Received signal 2, shutting down...
2026-09-03 21:47:45 | INFO     | app.main:_signal_handler:60 - Received signal 2, shutting down...
2026-09-03 21:47:45 | INFO     | app.main:_signal_handler:60 - Received signal 2, shutting down...
2026-09-03 21:47:45 | INFO     | app.main:_signal_handler:60 - Received signal 2, shutting down...
2026-09-03 21:47:45 | INFO     | app.main:_signal_handler:60 - Received signal 2, shutting down...
2026-09-03 21:47:45 | INFO     | app.main:_signal_handler:60 - Received signal 2, shutting down...
2026-09-03 21:47:45 | INFO     | app.main:_signal_handler:60 - Received signal 2, shutting down...
2026-09-03 21:47:45 | INFO     | app.main:_signal_handler:60 - Received signal 2, shutting down...
2026-09-03 21:47:45 | INFO     | app.main:_signal_handler:60 - Received signal 2, shutting down...
2026-09-03 21:47:45 | INFO     | app.main:_signal_handler:60 - Received signal 2, shutting down...
2026-09-03 21:47:45 | INFO     | app.main:_signal_handler:60 - Received signal 2, shutting down...
2026-09-03 21:47:45 | INFO     | app.main:_signal_handler:60 - Received signal 2, shutting down...
2026-09-03 21:47:45 | INFO     | app.main:_signal_handler:60 - Received signal 2, shutting down...
2026-09-03 21:47:45 | INFO     | app.main:_signal_handler:60 - Received signal 2, shutting down...
2026-09-03 21:47:45 | INFO     | app.main:_signal_handler:60 - Received signal 2, shutting down...
2026-09-03 21:47:45 | INFO     | app.main:_signal_handler:60 - Received signal 2, shutting down...
2026-09-03 21:47:45 | INFO     | app.main:_signal_handler:60 - Received signal 2, shutting down...
2026-09-03 21:47:45 | INFO     | app.main:_signal_handler:60 - Received signal 2, shutting down...
2026-09-03 21:47:45 | INFO     | app.main:_signal_handler:60 - Received signal 2, shutting down...
2026-09-03 21:47:45 | INFO     | app.main:_signal_handler:60 - Received signal 2, shutting down...
2026-09-03 21:47:45 | INFO     | app.main:_signal_handler:60 - Received signal 2, shutting down...
2026-09-03 21:47:45 | INFO     | app.main:_signal_handler:60 - Received signal 2, shutting down...
2026-09-03 21:47:45 | INFO     | app.main:_signal_handler:60 - Received signal 2, shutting down...
2026-09-03 21:47:45 | INFO     | app.main:_signal_handler:60 - Received signal 2, shutting down...
2026-09-03 21:47:45 | INFO     | app.main:_signal_handler:60 - Received signal 2, shutting down...
2026-09-03 21:47:45 | INFO     | app.main:_signal_handler:60 - Received signal 2, shutting down...
2026-09-03 21:47:45 | INFO     | app.main:_signal_handler:60 - Received signal 2, shutting down...
2026-09-03 21:47:45 | INFO     | app.main:_signal_handler:60 - Received signal 2, shutting down...
2026-09-03 21:47:46 | INFO     | app.main:_signal_handler:60 - Received signal 2, shutting down...
2026-09-03 21:47:46 | INFO     | app.main:_signal_handler:60 - Received signal 2, shutting down...
2026-09-03 21:47:46 | INFO     | app.main:_signal_handler:60 - Received signal 2, shutting down...
2026-09-03 21:47:46 | INFO     | app.main:_signal_handler:60 - Received signal 2, shutting down...
2026-09-03 21:47:46 | INFO     | app.main:_signal_handler:60 - Received signal 2, shutting down...
2026-09-03 21:47:46 | INFO     | app.main:_signal_handler:60 - Received signal 2, shutting down...
2026-09-03 21:47:46 | INFO     | app.main:_signal_handler:60 - Received signal 2, shutting down...
2026-09-03 21:47:46 | INFO     | app.main:_signal_handler:60 - Received signal 2, shutting down...
2026-09-03 21:47:46 | INFO     | app.main:_signal_handler:60 - Received signal 2, shutting down...
2026-09-03 21:47:46 | INFO     | app.main:_signal_handler:60 - Received signal 2, shutting down...
2026-09-03 21:47:46 | ERROR    | app.api.bybit_ws:connect:82 - Connection error for 1INCHUSDT: timed out during opening handshake
2026-09-03 21:47:46 | INFO     | app.main:_signal_handler:60 - Received signal 2, shutting down...
2026-09-03 21:47:46 | INFO     | app.main:_signal_handler:60 - Received signal 2, shutting down...
2026-09-03 21:47:46 | INFO     | app.main:_signal_handler:60 - Received signal 2, shutting down...
2026-09-03 21:47:46 | INFO     | app.main:_signal_handler:60 - Received signal 2, shutting down...
2026-09-03 21:47:46 | INFO     | app.main:_signal_handler:60 - Received signal 2, shutting down...
2026-09-03 21:47:46 | INFO     | app.main:_signal_handler:60 - Received signal 2, shutting down...
2026-09-03 21:47:46 | INFO     | app.main:_signal_handler:60 - Received signal 2, shutting down...
2026-09-03 21:47:46 | INFO     | app.main:_signal_handler:60 - Received signal 2, shutting down...
2026-09-03 21:47:46 | INFO     | app.main:_signal_handler:60 - Received signal 2, shutting down...
2026-09-03 21:47:46 | INFO     | app.main:_signal_handler:60 - Received signal 2, shutting down...
2026-09-03 21:47:46 | INFO     | app.main:_signal_handler:60 - Received signal 2, shutting down...
2026-09-03 21:47:46 | INFO     | app.main:_signal_handler:60 - Received signal 2, shutting down...
2026-09-03 21:47:46 | INFO     | app.main:_signal_handler:60 - Received signal 2, shutting down...
2026-09-03 21:47:46 | INFO     | app.main:_signal_handler:60 - Received signal 2, shutting down...
2026-09-03 21:47:46 | INFO     | app.main:_signal_handler:60 - Received signal 2, shutting down...
2026-09-03 21:47:46 | INFO     | app.main:_signal_handler:60 - Received signal 2, shutting down...
2026-09-03 21:47:46 | INFO     | app.main:_signal_handler:60 - Received signal 2, shutting down...
2026-09-03 21:47:46 | INFO     | app.main:_signal_handler:60 - Received signal 2, shutting down...
2026-09-03 21:47:46 | INFO     | app.main:_signal_handler:60 - Received signal 2, shutting down...
2026-09-03 21:47:46 | INFO     | app.main:_signal_handler:60 - Received signal 2, shutting down...
2026-09-03 21:47:46 | INFO     | app.main:_signal_handler:60 - Received signal 2, shutting down...
2026-09-03 21:47:46 | INFO     | app.main:_signal_handler:60 - Received signal 2, shutting down...
2026-09-03 21:47:46 | INFO     | app.main:_signal_handler:60 - Received signal 2, shutting down...
2026-09-03 21:47:47 | INFO     | app.main:_signal_handler:60 - Received signal 2, shutting down...
2026-09-03 21:47:47 | INFO     | app.main:_signal_handler:60 - Received signal 2, shutting down...
2026-09-03 21:47:47 | INFO     | app.main:_signal_handler:60 - Received signal 2, shutting down...
2026-09-03 21:47:47 | INFO     | app.main:_signal_handler:60 - Received signal 2, shutting down...
2026-09-03 21:47:47 | INFO     | app.main:_signal_handler:60 - Received signal 2, shutting down...
2026-09-03 21:47:47 | INFO     | app.main:_signal_handler:60 - Received signal 2, shutting down...
2026-09-03 21:47:47 | INFO     | app.main:_signal_handler:60 - Received signal 2, shutting down...
2026-09-03 21:47:47 | INFO     | app.main:_signal_handler:60 - Received signal 2, shutting down...
2026-09-03 21:47:47 | INFO     | app.main:_signal_handler:60 - Received signal 2, shutting down...
2026-09-03 21:47:47 | INFO     | app.main:_signal_handler:60 - Received signal 2, shutting down...
2026-09-03 21:47:47 | INFO     | app.main:_signal_handler:60 - Received signal 2, shutting down...
2026-09-03 21:47:47 | INFO     | app.main:_signal_handler:60 - Received signal 2, shutting down...
2026-09-03 21:47:47 | INFO     | app.main:_signal_handler:60 - Received signal 2, shutting down...
2026-09-03 21:47:47 | INFO     | app.main:_signal_handler:60 - Received signal 2, shutting down...
2026-09-03 21:47:47 | INFO     | app.main:_signal_handler:60 - Received signal 2, shutting down...
2026-09-03 21:47:47 | INFO     | app.main:_signal_handler:60 - Received signal 2, shutting down...
2026-09-03 21:47:47 | INFO     | app.main:_signal_handler:60 - Received signal 2, shutting down...
2026-09-03 21:47:47 | INFO     | app.main:_signal_handler:60 - Received signal 2, shutting down...
2026-09-03 21:47:47 | INFO     | app.main:_signal_handler:60 - Received signal 2, shutting down...
2026-09-03 21:47:47 | INFO     | app.main:_signal_handler:60 - Received signal 2, shutting down...
2026-09-03 21:47:47 | INFO     | app.main:_signal_handler:60 - Received signal 2, shutting down...
2026-09-03 21:47:47 | INFO     | app.main:_signal_handler:60 - Received signal 2, shutting down...
2026-09-03 21:47:47 | INFO     | app.main:_signal_handler:60 - Received signal 2, shutting down...
2026-09-03 21:47:47 | INFO     | app.main:_signal_handler:60 - Received signal 2, shutting down...
2026-09-03 21:47:47 | INFO     | app.main:_signal_handler:60 - Received signal 2, shutting down...
2026-09-03 21:47:47 | INFO     | app.main:_signal_handler:60 - Received signal 2, shutting down...
2026-09-03 21:47:47 | INFO     | app.main:_signal_handler:60 - Received signal 2, shutting down...
2026-09-03 21:47:47 | INFO     | app.main:_signal_handler:60 - Received signal 2, shutting down...
2026-09-03 21:47:47 | INFO     | app.main:_signal_handler:60 - Received signal 2, shutting down...
2026-09-03 21:47:47 | INFO     | app.main:_signal_handler:60 - Received signal 2, shutting down...
2026-09-03 21:47:47 | INFO     | app.main:_signal_handler:60 - Received signal 2, shutting down...
2026-09-03 21:47:47 | INFO     | app.main:_signal_handler:60 - Received signal 2, shutting down...
2026-09-03 21:47:47 | INFO     | app.main:_signal_handler:60 - Received signal 2, shutting down...
2026-09-03 21:47:47 | INFO     | app.main:_signal_handler:60 - Received signal 2, shutting down...
2026-09-03 21:47:48 | INFO     | app.main:_signal_handler:60 - Received signal 2, shutting down...
2026-09-03 21:47:48 | INFO     | app.main:_signal_handler:60 - Received signal 2, shutting down...
2026-09-03 21:47:48 | INFO     | app.main:_signal_handler:60 - Received signal 2, shutting down...
2026-09-03 21:47:48 | INFO     | app.analysis.levels:update_levels_for_symbol:138 - Updated levels for 1INCHUSDT: 0 levels found
2026-09-03 21:47:48 | INFO     | app.main:_signal_handler:60 - Received signal 2, shutting down...
2026-09-03 21:47:48 | INFO     | app.main:_signal_handler:60 - Received signal 2, shutting down...
2026-09-03 21:47:48 | INFO     | app.main:_signal_handler:60 - Received signal 2, shutting down...
2026-09-03 21:47:48 | INFO     | app.main:_signal_handler:60 - Received signal 2, shutting down...
2026-09-03 21:47:48 | INFO     | app.main:_signal_handler:60 - Received signal 2, shutting down...
2026-09-03 21:47:48 | INFO     | app.main:_signal_handler:60 - Received signal 2, shutting down...
2026-09-03 21:47:48 | INFO     | app.main:_signal_handler:60 - Received signal 2, shutting down...
2026-09-03 21:47:48 | INFO     | app.main:_signal_handler:60 - Received signal 2, shutting down...
2026-09-03 21:47:48 | INFO     | app.main:_signal_handler:60 - Received signal 2, shutting down...
2026-09-03 21:47:48 | INFO     | app.main:_signal_handler:60 - Received signal 2, shutting down...
2026-09-03 21:47:48 | INFO     | app.main:_signal_handler:60 - Received signal 2, shutting down...
2026-09-03 21:47:48 | INFO     | app.main:_signal_handler:60 - Received signal 2, shutting down...
2026-09-03 21:47:48 | INFO     | app.main:_signal_handler:60 - Received signal 2, shutting down...
2026-09-03 21:47:48 | INFO     | app.main:_signal_handler:60 - Received signal 2, shutting down...
2026-09-03 21:47:48 | INFO     | app.main:_signal_handler:60 - Received signal 2, shutting down...
2026-09-03 21:47:48 | INFO     | app.main:_signal_handler:60 - Received signal 2, shutting down...
2026-09-03 21:47:48 | INFO     | app.main:_signal_handler:60 - Received signal 2, shutting down...
2026-09-03 21:47:48 | INFO     | app.main:_signal_handler:60 - Received signal 2, shutting down...
2026-09-03 21:47:48 | INFO     | app.main:_signal_handler:60 - Received signal 2, shutting down...
2026-09-03 21:47:48 | INFO     | app.main:_signal_handler:60 - Received signal 2, shutting down...
2026-09-03 21:47:48 | INFO     | app.main:_signal_handler:60 - Received signal 2, shutting down...
2026-09-03 21:47:48 | INFO     | app.main:_signal_handler:60 - Received signal 2, shutting down...
2026-09-03 21:47:48 | INFO     | app.main:_signal_handler:60 - Received signal 2, shutting down...
2026-09-03 21:47:48 | INFO     | app.main:_signal_handler:60 - Received signal 2, shutting down...
2026-09-03 21:47:48 | INFO     | app.main:_signal_handler:60 - Received signal 2, shutting down...
2026-09-03 21:47:48 | INFO     | app.main:_signal_handler:60 - Received signal 2, shutting down...
2026-09-03 21:47:48 | INFO     | app.main:_signal_handler:60 - Received signal 2, shutting down...
2026-09-03 21:47:48 | INFO     | app.main:_signal_handler:60 - Received signal 2, shutting down...
2026-09-03 21:47:48 | INFO     | app.main:_signal_handler:60 - Received signal 2, shutting down...
2026-09-03 21:47:48 | INFO     | app.main:_signal_handler:60 - Received signal 2, shutting down...
2026-09-03 21:47:49 | INFO     | app.main:_signal_handler:60 - Received signal 2, shutting down...
2026-09-03 21:47:49 | INFO     | app.main:_signal_handler:60 - Received signal 2, shutting down...
2026-09-03 21:47:49 | INFO     | app.main:_signal_handler:60 - Received signal 2, shutting down...
2026-09-03 21:47:49 | INFO     | app.main:_signal_handler:60 - Received signal 2, shutting down...
2026-09-03 21:47:49 | INFO     | app.main:_signal_handler:60 - Received signal 2, shutting down...
2026-09-03 21:47:49 | INFO     | app.main:_signal_handler:60 - Received signal 2, shutting down...
2026-09-03 21:47:49 | INFO     | app.main:_signal_handler:60 - Received signal 2, shutting down...
2026-09-03 21:47:49 | INFO     | app.main:_signal_handler:60 - Received signal 2, shutting down...
2026-09-03 21:47:49 | INFO     | app.main:_signal_handler:60 - Received signal 2, shutting down...
2026-09-03 21:47:49 | INFO     | app.main:_signal_handler:60 - Received signal 2, shutting down...
2026-09-03 21:47:49 | INFO     | app.main:_signal_handler:60 - Received signal 2, shutting down...
2026-09-03 21:47:49 | INFO     | app.main:_signal_handler:60 - Received signal 2, shutting down...
2026-09-03 21:47:49 | INFO     | app.main:_signal_handler:60 - Received signal 2, shutting down...
2026-09-03 21:47:49 | INFO     | app.main:_signal_handler:60 - Received signal 2, shutting down...
2026-09-03 21:47:49 | INFO     | app.main:_signal_handler:60 - Received signal 2, shutting down...
2026-09-03 21:47:49 | INFO     | app.main:_signal_handler:60 - Received signal 2, shutting down...
2026-09-03 21:47:49 | INFO     | app.main:_signal_handler:60 - Received signal 2, shutting down...
2026-09-03 21:47:49 | INFO     | app.main:_signal_handler:60 - Received signal 2, shutting down...
2026-09-03 21:47:49 | INFO     | app.main:_signal_handler:60 - Received signal 2, shutting down...
2026-09-03 21:47:49 | INFO     | app.main:_signal_handler:60 - Received signal 2, shutting down...
2026-09-03 21:47:49 | INFO     | app.main:_signal_handler:60 - Received signal 2, shutting down...
2026-09-03 21:47:49 | INFO     | app.main:_signal_handler:60 - Received signal 2, shutting down...
2026-09-03 21:47:49 | INFO     | app.main:_signal_handler:60 - Received signal 2, shutting down...
2026-09-03 21:47:49 | INFO     | app.main:_signal_handler:60 - Received signal 2, shutting down...
2026-09-03 21:47:49 | INFO     | app.main:_signal_handler:60 - Received signal 2, shutting down...
2026-09-03 21:47:49 | INFO     | app.main:_signal_handler:60 - Received signal 2, shutting down...
2026-09-03 21:47:49 | INFO     | app.main:_signal_handler:60 - Received signal 2, shutting down...
2026-09-03 21:47:49 | INFO     | app.main:_signal_handler:60 - Received signal 2, shutting down...
2026-09-03 21:47:49 | INFO     | app.main:_signal_handler:60 - Received signal 2, shutting down...
2026-09-03 21:47:49 | INFO     | app.main:_signal_handler:60 - Received signal 2, shutting down...
2026-09-03 21:47:49 | INFO     | app.main:_signal_handler:60 - Received signal 2, shutting down...
2026-09-03 21:47:49 | INFO     | app.main:_signal_handler:60 - Received signal 2, shutting down...
2026-09-03 21:47:49 | INFO     | app.main:_signal_handler:60 - Received signal 2, shutting down...
2026-09-03 21:47:49 | INFO     | app.main:_signal_handler:60 - Received signal 2, shutting down...
2026-09-03 21:47:50 | INFO     | app.main:_signal_handler:60 - Received signal 2, shutting down...
2026-09-03 21:47:50 | INFO     | app.main:_signal_handler:60 - Received signal 2, shutting down...
2026-09-03 21:47:50 | INFO     | app.main:_signal_handler:60 - Received signal 2, shutting down...
2026-09-03 21:47:50 | INFO     | app.main:_signal_handler:60 - Received signal 2, shutting down...
2026-09-03 21:47:50 | INFO     | app.main:_signal_handler:60 - Received signal 2, shutting down...
2026-09-03 21:47:50 | INFO     | app.main:_signal_handler:60 - Received signal 2, shutting down...
2026-09-03 21:47:50 | INFO     | app.main:_signal_handler:60 - Received signal 2, shutting down...
2026-09-03 21:47:50 | INFO     | app.main:_signal_handler:60 - Received signal 2, shutting down...
2026-09-03 21:47:50 | INFO     | app.main:_signal_handler:60 - Received signal 2, shutting down...
2026-09-03 21:47:50 | INFO     | app.main:_signal_handler:60 - Received signal 2, shutting down...
2026-09-03 21:47:50 | INFO     | app.main:_signal_handler:60 - Received signal 2, shutting down...
2026-09-03 21:47:50 | INFO     | app.main:_signal_handler:60 - Received signal 2, shutting down...
2026-09-03 21:47:50 | INFO     | app.main:_signal_handler:60 - Received signal 2, shutting down...
2026-09-03 21:47:50 | INFO     | app.main:_signal_handler:60 - Received signal 2, shutting down...
2026-09-03 21:47:53 | INFO     | app.main:_signal_handler:60 - Received signal 2, shutting down...
2026-09-03 21:47:53 | INFO     | app.main:_signal_handler:60 - Received signal 2, shutting down...
2026-09-03 21:47:53 | INFO     | app.main:_signal_handler:60 - Received signal 2, shutting down...
2026-09-03 21:47:54 | INFO     | app.main:_signal_handler:60 - Received signal 2, shutting down...
2026-09-03 21:47:54 | INFO     | app.main:_signal_handler:60 - Received signal 2, shutting down...
2026-09-03 21:47:54 | INFO     | app.main:_signal_handler:60 - Received signal 2, shutting down...
2026-09-03 21:47:57 | INFO     | app.api.bybit_ws:connect:76 - Connected to 2ZUSDT
2026-09-03 21:48:01 | ERROR    | app.api.bybit_ws:connect:82 - Connection error for 1INCHUSDT: timed out during opening handshake
2026-09-03 21:48:01 | INFO     | app.analysis.levels:update_levels_for_symbol:138 - Updated levels for 2ZUSDT: 0 levels found
2026-09-03 21:48:02 | INFO     | app.api.bybit_ws:connect:76 - Connected to 4USDT
2026-09-03 21:48:04 | INFO     | app.main:_signal_handler:60 - Received signal 2, shutting down...
2026-09-03 21:48:05 | INFO     | app.main:_signal_handler:60 - Received signal 2, shutting down...
2026-09-03 21:48:06 | INFO     | app.main:_signal_handler:60 - Received signal 2, shutting down...
2026-09-03 21:48:06 | INFO     | app.main:_signal_handler:60 - Received signal 2, shutting down...
2026-09-03 21:48:06 | INFO     | app.main:_signal_handler:60 - Received signal 2, shutting down...
2026-09-03 21:48:06 | INFO     | app.main:_signal_handler:60 - Received signal 2, shutting down...
2026-09-03 21:48:07 | INFO     | app.main:_signal_handler:60 - Received signal 2, shutting down...
2026-09-03 21:48:07 | INFO     | app.main:_signal_handler:60 - Received signal 2, shutting down...
2026-09-03 21:48:07 | INFO     | app.main:_signal_handler:60 - Received signal 2, shutting down...
2026-09-03 21:48:07 | INFO     | app.main:_signal_handler:60 - Received signal 2, shutting down...
2026-09-03 21:48:07 | INFO     | app.main:_signal_handler:60 - Received signal 2, shutting down...
2026-09-03 21:48:07 | INFO     | app.main:_signal_handler:60 - Received signal 2, shutting down...
2026-09-03 21:48:07 | INFO     | app.main:_signal_handler:60 - Received signal 2, shutting down...
2026-09-03 21:48:07 | INFO     | app.main:_signal_handler:60 - Received signal 2, shutting down...
2026-09-03 21:48:07 | INFO     | app.main:_signal_handler:60 - Received signal 2, shutting down...
2026-09-03 21:48:07 | INFO     | app.main:_signal_handler:60 - Received signal 2, shutting down...
2026-09-03 21:48:07 | INFO     | app.main:_signal_handler:60 - Received signal 2, shutting down...
2026-09-03 21:48:07 | INFO     | app.main:_signal_handler:60 - Received signal 2, shutting down...
2026-09-03 21:48:07 | INFO     | app.main:_signal_handler:60 - Received signal 2, shutting down...
2026-09-03 21:48:07 | INFO     | app.main:_signal_handler:60 - Received signal 2, shutting down...
2026-09-03 21:48:07 | INFO     | app.main:_signal_handler:60 - Received signal 2, shutting down...
2026-09-03 21:48:07 | INFO     | app.main:_signal_handler:60 - Received signal 2, shutting down...
2026-09-03 21:48:07 | INFO     | app.main:_signal_handler:60 - Received signal 2, shutting down...
2026-09-03 21:48:07 | INFO     | app.main:_signal_handler:60 - Received signal 2, shutting down...
2026-09-03 21:48:07 | INFO     | app.main:_signal_handler:60 - Received signal 2, shutting down...
2026-09-03 21:48:07 | INFO     | app.main:_signal_handler:60 - Received signal 2, shutting down...
2026-09-03 21:48:07 | INFO     | app.main:_signal_handler:60 - Received signal 2, shutting down...
2026-09-03 21:48:07 | INFO     | app.main:_signal_handler:60 - Received signal 2, shutting down...
2026-09-03 21:48:08 | INFO     | app.main:_signal_handler:60 - Received signal 2, shutting down...
2026-09-03 21:48:08 | INFO     | app.main:_signal_handler:60 - Received signal 2, shutting down...
2026-09-03 21:48:08 | INFO     | app.main:_signal_handler:60 - Received signal 2, shutting down...
2026-09-03 21:48:08 | INFO     | app.main:_signal_handler:60 - Received signal 2, shutting down...
2026-09-03 21:48:08 | INFO     | app.main:_signal_handler:60 - Received signal 2, shutting down...
2026-09-03 21:48:08 | INFO     | app.main:_signal_handler:60 - Received signal 2, shutting down...
2026-09-03 21:48:08 | INFO     | app.main:_signal_handler:60 - Received signal 2, shutting down...
2026-09-03 21:48:08 | INFO     | app.main:_signal_handler:60 - Received signal 2, shutting down...
2026-09-03 21:48:08 | INFO     | app.main:_signal_handler:60 - Received signal 2, shutting down...
2026-09-03 21:48:08 | INFO     | app.main:_signal_handler:60 - Received signal 2, shutting down...
2026-09-03 21:48:08 | INFO     | app.main:_signal_handler:60 - Received signal 2, shutting down...
2026-09-03 21:48:08 | INFO     | app.main:_signal_handler:60 - Received signal 2, shutting down...
2026-09-03 21:48:08 | INFO     | app.main:_signal_handler:60 - Received signal 2, shutting down...
2026-09-03 21:48:08 | INFO     | app.main:_signal_handler:60 - Received signal 2, shutting down...
2026-09-03 21:48:08 | INFO     | app.main:_signal_handler:60 - Received signal 2, shutting down...
2026-09-03 21:48:08 | INFO     | app.main:_signal_handler:60 - Received signal 2, shutting down...
2026-09-03 21:48:08 | INFO     | app.main:_signal_handler:60 - Received signal 2, shutting down...
2026-09-03 21:48:08 | INFO     | app.main:_signal_handler:60 - Received signal 2, shutting down...
2026-09-03 21:48:08 | INFO     | app.main:_signal_handler:60 - Received signal 2, shutting down...
2026-09-03 21:48:08 | INFO     | app.main:_signal_handler:60 - Received signal 2, shutting down...
2026-09-03 21:48:08 | INFO     | app.main:_signal_handler:60 - Received signal 2, shutting down...
2026-09-03 21:48:08 | INFO     | app.main:_signal_handler:60 - Received signal 2, shutting down...
2026-09-03 21:48:08 | INFO     | app.main:_signal_handler:60 - Received signal 2, shutting down...
2026-09-03 21:48:08 | INFO     | app.main:_signal_handler:60 - Received signal 2, shutting down...
2026-09-03 21:48:08 | INFO     | app.main:_signal_handler:60 - Received signal 2, shutting down...
2026-09-03 21:48:08 | INFO     | app.main:_signal_handler:60 - Received signal 2, shutting down...
2026-09-03 21:48:08 | INFO     | app.main:_signal_handler:60 - Received signal 2, shutting down...
2026-09-03 21:48:08 | INFO     | app.main:_signal_handler:60 - Received signal 2, shutting down...
2026-09-03 21:48:08 | INFO     | app.main:_signal_handler:60 - Received signal 2, shutting down...
2026-09-03 21:48:08 | INFO     | app.main:_signal_handler:60 - Received signal 2, shutting down...
2026-09-03 21:48:08 | INFO     | app.main:_signal_handler:60 - Received signal 2, shutting down...
2026-09-03 21:48:08 | INFO     | app.main:_signal_handler:60 - Received signal 2, shutting down...
2026-09-03 21:48:08 | INFO     | app.main:_signal_handler:60 - Received signal 2, shutting down...
2026-09-03 21:48:09 | INFO     | app.main:_signal_handler:60 - Received signal 2, shutting down...
2026-09-03 21:48:09 | INFO     | app.main:_signal_handler:60 - Received signal 2, shutting down...
2026-09-03 21:48:09 | INFO     | app.main:_signal_handler:60 - Received signal 2, shutting down...
2026-09-03 21:48:09 | INFO     | app.main:_signal_handler:60 - Received signal 2, shutting down...
2026-09-03 21:48:09 | INFO     | app.main:_signal_handler:60 - Received signal 2, shutting down...
2026-09-03 21:48:09 | INFO     | app.main:_signal_handler:60 - Received signal 2, shutting down...
2026-09-03 21:48:09 | INFO     | app.main:_signal_handler:60 - Received signal 2, shutting down...
2026-09-03 21:48:09 | INFO     | app.main:_signal_handler:60 - Received signal 2, shutting down...
2026-09-03 21:48:09 | INFO     | app.main:_signal_handler:60 - Received signal 2, shutting down...
2026-09-03 21:48:09 | INFO     | app.main:_signal_handler:60 - Received signal 2, shutting down...
2026-09-03 21:48:09 | INFO     | app.main:_signal_handler:60 - Received signal 2, shutting down...
2026-09-03 21:48:09 | INFO     | app.main:_signal_handler:60 - Received signal 2, shutting down...
2026-09-03 21:48:09 | INFO     | app.main:_signal_handler:60 - Received signal 2, shutting down...
2026-09-03 21:48:09 | INFO     | app.main:_signal_handler:60 - Received signal 2, shutting down...
2026-09-03 21:48:09 | INFO     | app.main:_signal_handler:60 - Received signal 2, shutting down...
2026-09-03 21:48:09 | INFO     | app.main:_signal_handler:60 - Received signal 2, shutting down...
2026-09-03 21:48:09 | INFO     | app.main:_signal_handler:60 - Received signal 2, shutting down...
2026-09-03 21:48:09 | INFO     | app.main:_signal_handler:60 - Received signal 2, shutting down...
2026-09-03 21:48:09 | INFO     | app.main:_signal_handler:60 - Received signal 2, shutting down...
2026-09-03 21:48:09 | INFO     | app.main:_signal_handler:60 - Received signal 2, shutting down...
2026-09-03 21:48:09 | INFO     | app.main:_signal_handler:60 - Received signal 2, shutting down...
2026-09-03 21:48:09 | INFO     | app.main:_signal_handler:60 - Received signal 2, shutting down...
2026-09-03 21:48:09 | INFO     | app.main:_signal_handler:60 - Received signal 2, shutting down...
2026-09-03 21:48:09 | INFO     | app.main:_signal_handler:60 - Received signal 2, shutting down...
2026-09-03 21:48:09 | INFO     | app.main:_signal_handler:60 - Received signal 2, shutting down...
2026-09-03 21:48:09 | INFO     | app.main:_signal_handler:60 - Received signal 2, shutting down...
2026-09-03 21:48:09 | INFO     | app.main:_signal_handler:60 - Received signal 2, shutting down...
2026-09-03 21:48:09 | INFO     | app.main:_signal_handler:60 - Received signal 2, shutting down...
2026-09-03 21:48:09 | INFO     | app.main:_signal_handler:60 - Received signal 2, shutting down...
2026-09-03 21:48:09 | INFO     | app.main:_signal_handler:60 - Received signal 2, shutting down...
2026-09-03 21:48:09 | INFO     | app.main:_signal_handler:60 - Received signal 2, shutting down...
2026-09-03 21:48:09 | INFO     | app.main:_signal_handler:60 - Received signal 2, shutting down...
2026-09-03 21:48:09 | INFO     | app.main:_signal_handler:60 - Received signal 2, shutting down...
2026-09-03 21:48:10 | INFO     | app.main:_signal_handler:60 - Received signal 2, shutting down...
2026-09-03 21:48:10 | INFO     | app.main:_signal_handler:60 - Received signal 2, shutting down...
2026-09-03 21:48:10 | INFO     | app.main:_signal_handler:60 - Received signal 2, shutting down...
2026-09-03 21:48:10 | INFO     | app.main:_signal_handler:60 - Received signal 2, shutting down...
2026-09-03 21:48:10 | INFO     | app.main:_signal_handler:60 - Received signal 2, shutting down...
2026-09-03 21:48:10 | INFO     | app.main:_signal_handler:60 - Received signal 2, shutting down...
2026-09-03 21:48:10 | INFO     | app.main:_signal_handler:60 - Received signal 2, shutting down...
2026-09-03 21:48:10 | INFO     | app.api.bybit_ws:connect:76 - Connected to 1INCHUSDT
2026-09-03 21:48:10 | INFO     | app.main:_signal_handler:60 - Received signal 2, shutting down...
2026-09-03 21:48:10 | INFO     | app.main:_signal_handler:60 - Received signal 2, shutting down...
2026-09-03 21:48:10 | INFO     | app.main:_signal_handler:60 - Received signal 2, shutting down...
2026-09-03 21:48:10 | INFO     | app.main:_signal_handler:60 - Received signal 2, shutting down...
2026-09-03 21:48:10 | INFO     | app.main:_signal_handler:60 - Received signal 2, shutting down...
2026-09-03 21:48:16 | INFO     | app.main:_signal_handler:60 - Received signal 2, shutting down...
2026-09-03 21:48:17 | INFO     | app.main:_signal_handler:60 - Received signal 2, shutting down...
2026-09-03 21:48:17 | INFO     | app.main:_signal_handler:60 - Received signal 2, shutting down...
2026-09-03 21:48:17 | INFO     | app.main:_signal_handler:60 - Received signal 2, shutting down...
2026-09-03 21:48:17 | INFO     | app.main:_signal_handler:60 - Received signal 2, shutting down...
2026-09-03 21:48:17 | INFO     | app.main:_signal_handler:60 - Received signal 2, shutting down...
2026-09-03 21:48:17 | INFO     | app.main:_signal_handler:60 - Received signal 2, shutting down...
2026-09-03 21:48:17 | INFO     | app.main:_signal_handler:60 - Received signal 2, shutting down...
2026-09-03 21:48:17 | INFO     | app.main:_signal_handler:60 - Received signal 2, shutting down...
2026-09-03 21:48:17 | INFO     | app.main:_signal_handler:60 - Received signal 2, shutting down...
2026-09-03 21:48:17 | INFO     | app.main:_signal_handler:60 - Received signal 2, shutting down...
2026-09-03 21:48:17 | INFO     | app.main:_signal_handler:60 - Received signal 2, shutting down...
2026-09-03 21:48:17 | INFO     | app.main:_signal_handler:60 - Received signal 2, shutting down...
2026-09-03 21:48:17 | INFO     | app.main:_signal_handler:60 - Received signal 2, shutting down...
2026-09-03 21:48:17 | INFO     | app.main:_signal_handler:60 - Received signal 2, shutting down...
2026-09-03 21:48:17 | INFO     | app.main:_signal_handler:60 - Received signal 2, shutting down...
2026-09-03 21:48:17 | INFO     | app.main:_signal_handler:60 - Received signal 2, shutting down...
2026-09-03 21:48:17 | INFO     | app.main:_signal_handler:60 - Received signal 2, shutting down...
2026-09-03 21:48:22 | INFO     | app.analysis.levels:update_levels_for_symbol:138 - Updated levels for 4USDT: 0 levels found
2026-09-03 21:48:23 | INFO     | app.api.bybit_ws:connect:76 - Connected to AALUSDT
2026-09-03 21:48:25 | INFO     | app.main:_signal_handler:60 - Received signal 2, shutting down...
2026-09-03 21:48:25 | INFO     | app.main:_signal_handler:60 - Received signal 2, shutting down...
2026-09-03 21:48:25 | INFO     | app.main:_signal_handler:60 - Received signal 2, shutting down...
2026-09-03 21:48:25 | INFO     | app.main:_signal_handler:60 - Received signal 2, shutting down...
2026-09-03 21:48:25 | INFO     | app.main:_signal_handler:60 - Received signal 2, shutting down...
2026-09-03 21:48:25 | INFO     | app.main:_signal_handler:60 - Received signal 2, shutting down...
2026-09-03 21:48:25 | INFO     | app.main:_signal_handler:60 - Received signal 2, shutting down...
2026-09-03 21:48:25 | INFO     | app.main:_signal_handler:60 - Received signal 2, shutting down...
2026-09-03 21:48:25 | INFO     | app.main:_signal_handler:60 - Received signal 2, shutting down...
2026-09-03 21:48:25 | INFO     | app.main:_signal_handler:60 - Received signal 2, shutting down...
2026-09-03 21:48:25 | INFO     | app.main:_signal_handler:60 - Received signal 2, shutting down...
2026-09-03 21:48:25 | INFO     | app.main:_signal_handler:60 - Received signal 2, shutting down...
2026-09-03 21:48:25 | INFO     | app.main:_signal_handler:60 - Received signal 2, shutting down...
2026-09-03 21:48:25 | INFO     | app.main:_signal_handler:60 - Received signal 2, shutting down...
2026-09-03 21:48:25 | INFO     | app.main:_signal_handler:60 - Received signal 2, shutting down...
2026-09-03 21:48:25 | INFO     | app.main:_signal_handler:60 - Received signal 2, shutting down...
2026-09-03 21:48:25 | INFO     | app.main:_signal_handler:60 - Received signal 2, shutting down...
2026-09-03 21:48:26 | INFO     | app.main:_signal_handler:60 - Received signal 2, shutting down...
2026-09-03 21:48:26 | INFO     | app.main:_signal_handler:60 - Received signal 2, shutting down...
2026-09-03 21:48:26 | INFO     | app.main:_signal_handler:60 - Received signal 2, shutting down...
2026-09-03 21:48:26 | INFO     | app.main:_signal_handler:60 - Received signal 2, shutting down...
2026-09-03 21:48:26 | INFO     | app.main:_signal_handler:60 - Received signal 2, shutting down...
2026-09-03 21:48:26 | INFO     | app.main:_signal_handler:60 - Received signal 2, shutting down...
2026-09-03 21:48:26 | INFO     | app.main:_signal_handler:60 - Received signal 2, shutting down...
2026-09-03 21:48:26 | INFO     | app.main:_signal_handler:60 - Received signal 2, shutting down...
2026-09-03 21:48:26 | INFO     | app.main:_signal_handler:60 - Received signal 2, shutting down...
2026-09-03 21:48:26 | INFO     | app.main:_signal_handler:60 - Received signal 2, shutting down...
2026-09-03 21:48:26 | INFO     | app.main:_signal_handler:60 - Received signal 2, shutting down...
2026-09-03 21:48:26 | INFO     | app.main:_signal_handler:60 - Received signal 2, shutting down...
2026-09-03 21:48:26 | INFO     | app.main:_signal_handler:60 - Received signal 2, shutting down...
2026-09-03 21:48:26 | INFO     | app.main:_signal_handler:60 - Received signal 2, shutting down...
2026-09-03 21:48:26 | INFO     | app.main:_signal_handler:60 - Received signal 2, shutting down...
2026-09-03 21:48:26 | INFO     | app.main:_signal_handler:60 - Received signal 2, shutting down...
2026-09-03 21:48:26 | INFO     | app.main:_signal_handler:60 - Received signal 2, shutting down...
2026-09-03 21:48:26 | INFO     | app.main:_signal_handler:60 - Received signal 2, shutting down...
2026-09-03 21:48:26 | INFO     | app.main:_signal_handler:60 - Received signal 2, shutting down...
2026-09-03 21:48:26 | INFO     | app.main:_signal_handler:60 - Received signal 2, shutting down...
2026-09-03 21:48:26 | INFO     | app.main:_signal_handler:60 - Received signal 2, shutting down...
2026-09-03 21:48:26 | INFO     | app.main:_signal_handler:60 - Received signal 2, shutting down...
2026-09-03 21:48:26 | INFO     | app.main:_signal_handler:60 - Received signal 2, shutting down...
2026-09-03 21:48:26 | INFO     | app.main:_signal_handler:60 - Received signal 2, shutting down...
2026-09-03 21:48:26 | INFO     | app.main:_signal_handler:60 - Received signal 2, shutting down...
2026-09-03 21:48:26 | INFO     | app.main:_signal_handler:60 - Received signal 2, shutting down...
2026-09-03 21:48:26 | INFO     | app.main:_signal_handler:60 - Received signal 2, shutting down...
2026-09-03 21:48:26 | INFO     | app.main:_signal_handler:60 - Received signal 2, shutting down...
2026-09-03 21:48:26 | INFO     | app.main:_signal_handler:60 - Received signal 2, shutting down...
2026-09-03 21:48:26 | INFO     | app.main:_signal_handler:60 - Received signal 2, shutting down...
2026-09-03 21:48:26 | INFO     | app.main:_signal_handler:60 - Received signal 2, shutting down...
2026-09-03 21:48:26 | INFO     | app.main:_signal_handler:60 - Received signal 2, shutting down...
2026-09-03 21:48:26 | INFO     | app.main:_signal_handler:60 - Received signal 2, shutting down...
2026-09-03 21:48:26 | INFO     | app.main:_signal_handler:60 - Received signal 2, shutting down...
2026-09-03 21:48:27 | INFO     | app.main:_signal_handler:60 - Received signal 2, shutting down...
2026-09-03 21:48:27 | INFO     | app.main:_signal_handler:60 - Received signal 2, shutting down...
2026-09-03 21:48:27 | INFO     | app.main:_signal_handler:60 - Received signal 2, shutting down...
2026-09-03 21:48:27 | INFO     | app.main:_signal_handler:60 - Received signal 2, shutting down...
2026-09-03 21:48:27 | INFO     | app.main:_signal_handler:60 - Received signal 2, shutting down...
2026-09-03 21:48:27 | INFO     | app.main:_signal_handler:60 - Received signal 2, shutting down...
2026-09-03 21:48:27 | INFO     | app.main:_signal_handler:60 - Received signal 2, shutting down...
2026-09-03 21:48:27 | INFO     | app.main:_signal_handler:60 - Received signal 2, shutting down...
2026-09-03 21:48:27 | INFO     | app.main:_signal_handler:60 - Received signal 2, shutting down...
2026-09-03 21:48:27 | INFO     | app.main:_signal_handler:60 - Received signal 2, shutting down...
2026-09-03 21:48:27 | INFO     | app.main:_signal_handler:60 - Received signal 2, shutting down...
2026-09-03 21:48:27 | INFO     | app.main:_signal_handler:60 - Received signal 2, shutting down...
2026-09-03 21:48:27 | INFO     | app.main:_signal_handler:60 - Received signal 2, shutting down...
2026-09-03 21:48:27 | INFO     | app.main:_signal_handler:60 - Received signal 2, shutting down...
2026-09-03 21:48:27 | INFO     | app.main:_signal_handler:60 - Received signal 2, shutting down...
2026-09-03 21:48:27 | INFO     | app.main:_signal_handler:60 - Received signal 2, shutting down...
2026-09-03 21:48:27 | INFO     | app.main:_signal_handler:60 - Received signal 2, shutting down...
2026-09-03 21:48:27 | INFO     | app.main:_signal_handler:60 - Received signal 2, shutting down...
2026-09-03 21:48:27 | INFO     | app.main:_signal_handler:60 - Received signal 2, shutting down...
2026-09-03 21:48:27 | INFO     | app.main:_signal_handler:60 - Received signal 2, shutting down...
2026-09-03 21:48:27 | INFO     | app.main:_signal_handler:60 - Received signal 2, shutting down...
2026-09-03 21:48:27 | INFO     | app.main:_signal_handler:60 - Received signal 2, shutting down...
2026-09-03 21:48:27 | INFO     | app.main:_signal_handler:60 - Received signal 2, shutting down...
2026-09-03 21:48:27 | INFO     | app.main:_signal_handler:60 - Received signal 2, shutting down...
2026-09-03 21:48:27 | INFO     | app.main:_signal_handler:60 - Received signal 2, shutting down...
2026-09-03 21:48:27 | INFO     | app.main:_signal_handler:60 - Received signal 2, shutting down...
2026-09-03 21:48:27 | INFO     | app.main:_signal_handler:60 - Received signal 2, shutting down...
2026-09-03 21:48:27 | INFO     | app.main:_signal_handler:60 - Received signal 2, shutting down...
2026-09-03 21:48:27 | INFO     | app.main:_signal_handler:60 - Received signal 2, shutting down...
2026-09-03 21:48:27 | INFO     | app.main:_signal_handler:60 - Received signal 2, shutting down...
2026-09-03 21:48:27 | INFO     | app.main:_signal_handler:60 - Received signal 2, shutting down...
2026-09-03 21:48:27 | INFO     | app.main:_signal_handler:60 - Received signal 2, shutting down...
2026-09-03 21:48:27 | INFO     | app.main:_signal_handler:60 - Received signal 2, shutting down...
2026-09-03 21:48:28 | INFO     | app.main:_signal_handler:60 - Received signal 2, shutting down...
2026-09-03 21:48:28 | INFO     | app.main:_signal_handler:60 - Received signal 2, shutting down...
2026-09-03 21:48:28 | INFO     | app.main:_signal_handler:60 - Received signal 2, shutting down...
2026-09-03 21:48:28 | INFO     | app.main:_signal_handler:60 - Received signal 2, shutting down...
2026-09-03 21:48:28 | INFO     | app.main:_signal_handler:60 - Received signal 2, shutting down...
2026-09-03 21:48:28 | INFO     | app.main:_signal_handler:60 - Received signal 2, shutting down...
2026-09-03 21:48:28 | INFO     | app.main:_signal_handler:60 - Received signal 2, shutting down...
2026-09-03 21:48:28 | INFO     | app.main:_signal_handler:60 - Received signal 2, shutting down...
2026-09-03 21:48:28 | INFO     | app.main:_signal_handler:60 - Received signal 2, shutting down...
2026-09-03 21:48:28 | INFO     | app.main:_signal_handler:60 - Received signal 2, shutting down...
2026-09-03 21:48:28 | INFO     | app.main:_signal_handler:60 - Received signal 2, shutting down...
2026-09-03 21:48:28 | INFO     | app.main:_signal_handler:60 - Received signal 2, shutting down...
2026-09-03 21:48:28 | INFO     | app.main:_signal_handler:60 - Received signal 2, shutting down...
2026-09-03 21:48:28 | INFO     | app.main:_signal_handler:60 - Received signal 2, shutting down...
2026-09-03 21:48:28 | INFO     | app.main:_signal_handler:60 - Received signal 2, shutting down...
2026-09-03 21:48:28 | INFO     | app.main:_signal_handler:60 - Received signal 2, shutting down...
2026-09-03 21:48:28 | INFO     | app.main:_signal_handler:60 - Received signal 2, shutting down...
2026-09-03 21:48:28 | INFO     | app.main:_signal_handler:60 - Received signal 2, shutting down...
2026-09-03 21:48:28 | INFO     | app.main:_signal_handler:60 - Received signal 2, shutting down...
2026-09-03 21:48:28 | INFO     | app.main:_signal_handler:60 - Received signal 2, shutting down...
2026-09-03 21:48:28 | INFO     | app.main:_signal_handler:60 - Received signal 2, shutting down...
2026-09-03 21:48:28 | INFO     | app.main:_signal_handler:60 - Received signal 2, shutting down...
2026-09-03 21:48:28 | INFO     | app.main:_signal_handler:60 - Received signal 2, shutting down...
2026-09-03 21:48:28 | INFO     | app.main:_signal_handler:60 - Received signal 2, shutting down...
2026-09-03 21:48:28 | INFO     | app.main:_signal_handler:60 - Received signal 2, shutting down...
2026-09-03 21:48:28 | INFO     | app.main:_signal_handler:60 - Received signal 2, shutting down...
2026-09-03 21:48:28 | INFO     | app.main:_signal_handler:60 - Received signal 2, shutting down...
2026-09-03 21:48:28 | INFO     | app.main:_signal_handler:60 - Received signal 2, shutting down...
2026-09-03 21:48:28 | INFO     | app.main:_signal_handler:60 - Received signal 2, shutting down...
2026-09-03 21:48:28 | INFO     | app.main:_signal_handler:60 - Received signal 2, shutting down...
2026-09-03 21:48:28 | INFO     | app.main:_signal_handler:60 - Received signal 2, shutting down...
2026-09-03 21:48:28 | INFO     | app.main:_signal_handler:60 - Received signal 2, shutting down...
2026-09-03 21:48:28 | INFO     | app.main:_signal_handler:60 - Received signal 2, shutting down...
2026-09-03 21:48:29 | INFO     | app.main:_signal_handler:60 - Received signal 2, shutting down...
2026-09-03 21:48:29 | INFO     | app.main:_signal_handler:60 - Received signal 2, shutting down...
2026-09-03 21:48:29 | INFO     | app.main:_signal_handler:60 - Received signal 2, shutting down...
2026-09-03 21:48:29 | INFO     | app.main:_signal_handler:60 - Received signal 2, shutting down...
2026-09-03 21:48:29 | INFO     | app.main:_signal_handler:60 - Received signal 2, shutting down...
2026-09-03 21:48:29 | INFO     | app.main:_signal_handler:60 - Received signal 2, shutting down...
2026-09-03 21:48:29 | INFO     | app.main:_signal_handler:60 - Received signal 2, shutting down...
2026-09-03 21:48:29 | INFO     | app.main:_signal_handler:60 - Received signal 2, shutting down...
2026-09-03 21:48:29 | INFO     | app.main:_signal_handler:60 - Received signal 2, shutting down...
2026-09-03 21:48:29 | INFO     | app.main:_signal_handler:60 - Received signal 2, shutting down...
2026-09-03 21:48:29 | INFO     | app.main:_signal_handler:60 - Received signal 2, shutting down...
2026-09-03 21:48:29 | INFO     | app.main:_signal_handler:60 - Received signal 2, shutting down...
2026-09-03 21:48:29 | INFO     | app.main:_signal_handler:60 - Received signal 2, shutting down...
2026-09-03 21:48:29 | INFO     | app.main:_signal_handler:60 - Received signal 2, shutting down...
2026-09-03 21:48:29 | INFO     | app.main:_signal_handler:60 - Received signal 2, shutting down...
2026-09-03 21:48:29 | INFO     | app.main:_signal_handler:60 - Received signal 2, shutting down...
2026-09-03 21:48:29 | INFO     | app.main:_signal_handler:60 - Received signal 2, shutting down...
2026-09-03 21:48:29 | INFO     | app.main:_signal_handler:60 - Received signal 2, shutting down...
2026-09-03 21:48:29 | INFO     | app.main:_signal_handler:60 - Received signal 2, shutting down...
2026-09-03 21:48:29 | INFO     | app.main:_signal_handler:60 - Received signal 2, shutting down...
2026-09-03 21:48:29 | INFO     | app.main:_signal_handler:60 - Received signal 2, shutting down...
2026-09-03 21:48:29 | INFO     | app.main:_signal_handler:60 - Received signal 2, shutting down...
2026-09-03 21:48:29 | INFO     | app.main:_signal_handler:60 - Received signal 2, shutting down...
2026-09-03 21:48:29 | INFO     | app.main:_signal_handler:60 - Received signal 2, shutting down...
2026-09-03 21:48:29 | INFO     | app.main:_signal_handler:60 - Received signal 2, shutting down...
2026-09-03 21:48:29 | INFO     | app.main:_signal_handler:60 - Received signal 2, shutting down...
2026-09-03 21:48:29 | INFO     | app.main:_signal_handler:60 - Received signal 2, shutting down...
2026-09-03 21:48:29 | INFO     | app.main:_signal_handler:60 - Received signal 2, shutting down...
2026-09-03 21:48:29 | INFO     | app.main:_signal_handler:60 - Received signal 2, shutting down...
2026-09-03 21:48:29 | INFO     | app.main:_signal_handler:60 - Received signal 2, shutting down...
2026-09-03 21:48:29 | INFO     | app.main:_signal_handler:60 - Received signal 2, shutting down...
2026-09-03 21:48:29 | INFO     | app.main:_signal_handler:60 - Received signal 2, shutting down...
2026-09-03 21:48:29 | INFO     | app.main:_signal_handler:60 - Received signal 2, shutting down...
2026-09-03 21:48:29 | INFO     | app.main:_signal_handler:60 - Received signal 2, shutting down...
2026-09-03 21:48:30 | INFO     | app.main:_signal_handler:60 - Received signal 2, shutting down...
2026-09-03 21:48:30 | INFO     | app.main:_signal_handler:60 - Received signal 2, shutting down...
2026-09-03 21:48:30 | INFO     | app.main:_signal_handler:60 - Received signal 2, shutting down...
2026-09-03 21:48:30 | INFO     | app.main:_signal_handler:60 - Received signal 2, shutting down...
2026-09-03 21:48:30 | INFO     | app.main:_signal_handler:60 - Received signal 2, shutting down...
2026-09-03 21:48:30 | INFO     | app.main:_signal_handler:60 - Received signal 2, shutting down...
2026-09-03 21:48:30 | INFO     | app.main:_signal_handler:60 - Received signal 2, shutting down...
2026-09-03 21:48:30 | INFO     | app.main:_signal_handler:60 - Received signal 2, shutting down...
2026-09-03 21:48:30 | INFO     | app.main:_signal_handler:60 - Received signal 2, shutting down...
2026-09-03 21:48:30 | INFO     | app.main:_signal_handler:60 - Received signal 2, shutting down...
2026-09-03 21:48:30 | INFO     | app.main:_signal_handler:60 - Received signal 2, shutting down...
2026-09-03 21:48:30 | INFO     | app.main:_signal_handler:60 - Received signal 2, shutting down...
2026-09-03 21:48:30 | INFO     | app.main:_signal_handler:60 - Received signal 2, shutting down...
2026-09-03 21:48:30 | INFO     | app.main:_signal_handler:60 - Received signal 2, shutting down...
2026-09-03 21:48:30 | INFO     | app.main:_signal_handler:60 - Received signal 2, shutting down...
2026-09-03 21:48:30 | INFO     | app.main:_signal_handler:60 - Received signal 2, shutting down...
2026-09-03 21:48:30 | INFO     | app.main:_signal_handler:60 - Received signal 2, shutting down...
2026-09-03 21:48:30 | INFO     | app.main:_signal_handler:60 - Received signal 2, shutting down...
2026-09-03 21:48:30 | INFO     | app.main:_signal_handler:60 - Received signal 2, shutting down...
2026-09-03 21:48:30 | INFO     | app.main:_signal_handler:60 - Received signal 2, shutting down...
2026-09-03 21:48:30 | INFO     | app.main:_signal_handler:60 - Received signal 2, shutting down...
2026-09-03 21:48:30 | INFO     | app.main:_signal_handler:60 - Received signal 2, shutting down...
2026-09-03 21:48:30 | INFO     | app.main:_signal_handler:60 - Received signal 2, shutting down...
2026-09-03 21:48:30 | INFO     | app.main:_signal_handler:60 - Received signal 2, shutting down...
2026-09-03 21:48:30 | INFO     | app.main:_signal_handler:60 - Received signal 2, shutting down...
2026-09-03 21:48:30 | INFO     | app.main:_signal_handler:60 - Received signal 2, shutting down...
2026-09-03 21:48:30 | INFO     | app.main:_signal_handler:60 - Received signal 2, shutting down...
2026-09-03 21:48:30 | INFO     | app.main:_signal_handler:60 - Received signal 2, shutting down...
2026-09-03 21:48:30 | INFO     | app.main:_signal_handler:60 - Received signal 2, shutting down...
2026-09-03 21:48:30 | INFO     | app.main:_signal_handler:60 - Received signal 2, shutting down...
2026-09-03 21:48:30 | INFO     | app.main:_signal_handler:60 - Received signal 2, shutting down...
2026-09-03 21:48:30 | INFO     | app.main:_signal_handler:60 - Received signal 2, shutting down...
2026-09-03 21:48:30 | INFO     | app.main:_signal_handler:60 - Received signal 2, shutting down...
2026-09-03 21:48:31 | INFO     | app.main:_signal_handler:60 - Received signal 2, shutting down...
2026-09-03 21:48:31 | INFO     | app.main:_signal_handler:60 - Received signal 2, shutting down...
2026-09-03 21:48:31 | INFO     | app.main:_signal_handler:60 - Received signal 2, shutting down...
2026-09-03 21:48:31 | INFO     | app.main:_signal_handler:60 - Received signal 2, shutting down...
2026-09-03 21:48:31 | INFO     | app.main:_signal_handler:60 - Received signal 2, shutting down...
2026-09-03 21:48:31 | INFO     | app.main:_signal_handler:60 - Received signal 2, shutting down...
2026-09-03 21:48:31 | INFO     | app.main:_signal_handler:60 - Received signal 2, shutting down...
2026-09-03 21:48:31 | INFO     | app.main:_signal_handler:60 - Received signal 2, shutting down...
2026-09-03 21:48:31 | INFO     | app.main:_signal_handler:60 - Received signal 2, shutting down...
2026-09-03 21:48:31 | INFO     | app.main:_signal_handler:60 - Received signal 2, shutting down...
2026-09-03 21:48:31 | INFO     | app.main:_signal_handler:60 - Received signal 2, shutting down...
2026-09-03 21:48:31 | INFO     | app.main:_signal_handler:60 - Received signal 2, shutting down...
2026-09-03 21:48:31 | INFO     | app.main:_signal_handler:60 - Received signal 2, shutting down...
2026-09-03 21:48:31 | INFO     | app.main:_signal_handler:60 - Received signal 2, shutting down...
2026-09-03 21:48:31 | INFO     | app.main:_signal_handler:60 - Received signal 2, shutting down...
2026-09-03 21:48:31 | INFO     | app.main:_signal_handler:60 - Received signal 2, shutting down...
2026-09-03 21:48:31 | INFO     | app.main:_signal_handler:60 - Received signal 2, shutting down...
2026-09-03 21:48:31 | INFO     | app.main:_signal_handler:60 - Received signal 2, shutting down...
2026-09-03 21:48:31 | INFO     | app.main:_signal_handler:60 - Received signal 2, shutting down...
2026-09-03 21:48:35 | INFO     | app.analysis.levels:update_levels_for_symbol:138 - Updated levels for AALUSDT: 0 levels found
2026-09-03 21:48:36 | INFO     | app.main:_signal_handler:60 - Received signal 2, shutting down...
2026-09-03 21:48:37 | INFO     | app.main:_signal_handler:60 - Received signal 2, shutting down...
2026-09-03 21:48:37 | INFO     | app.main:_signal_handler:60 - Received signal 2, shutting down...
2026-09-03 21:48:37 | INFO     | app.main:_signal_handler:60 - Received signal 2, shutting down...
2026-09-03 21:48:37 | INFO     | app.main:_signal_handler:60 - Received signal 2, shutting down...
2026-09-03 21:48:37 | INFO     | app.main:_signal_handler:60 - Received signal 2, shutting down...
2026-09-03 21:48:37 | INFO     | app.main:_signal_handler:60 - Received signal 2, shutting down...
2026-09-03 21:48:37 | INFO     | app.main:_signal_handler:60 - Received signal 2, shutting down...
2026-09-03 21:48:37 | INFO     | app.main:_signal_handler:60 - Received signal 2, shutting down...
2026-09-03 21:48:37 | INFO     | app.main:_signal_handler:60 - Received signal 2, shutting down...
2026-09-03 21:48:37 | INFO     | app.main:_signal_handler:60 - Received signal 2, shutting down...
2026-09-03 21:48:37 | INFO     | app.main:_signal_handler:60 - Received signal 2, shutting down...
2026-09-03 21:48:37 | INFO     | app.main:_signal_handler:60 - Received signal 2, shutting down...
2026-09-03 21:48:37 | INFO     | app.main:_signal_handler:60 - Received signal 2, shutting down...
2026-09-03 21:48:37 | INFO     | app.main:_signal_handler:60 - Received signal 2, shutting down...
2026-09-03 21:48:37 | INFO     | app.main:_signal_handler:60 - Received signal 2, shutting down...
2026-09-03 21:48:37 | INFO     | app.main:_signal_handler:60 - Received signal 2, shutting down...
2026-09-03 21:48:45 | ERROR    | app.api.bybit_ws:connect:82 - Connection error for AAOIUSDT: timed out during opening handshake
2026-09-03 21:49:00 | ERROR    | app.api.bybit_ws:connect:82 - Connection error for AAOIUSDT: timed out during opening handshake
2026-09-03 21:49:15 | ERROR    | app.api.bybit_ws:connect:82 - Connection error for AAOIUSDT: timed out during opening handshake
2026-09-03 21:53:25 | INFO     | app.main:__init__:37 - Initializing MarketBot...
2026-09-03 21:53:25 | INFO     | app.storage.redis:_connect:23 - Connected to Redis
2026-09-03 21:53:25 | INFO     | app.main:initialize:64 - Initializing components...
2026-09-03 21:53:25 | ERROR    | app.storage.postgres:connect:24 - PostgreSQL connection error: connection was closed in the middle of operation
2026-09-03 21:53:25 | INFO     | app.main:initialize:68 - ✅ PostgreSQL connected
2026-09-03 21:53:25 | INFO     | app.main:initialize:80 - ✅ All components initialized
2026-09-03 21:53:25 | INFO     | app.main:start:88 - 🚀 Starting Market Bot...
2026-09-03 21:53:25 | INFO     | app.main:update_symbols:106 - Updating symbols...
2026-09-03 21:53:56 | ERROR    | app.api.bybit_rest:_request:27 - Request timeout: /v5/market/instruments-info
2026-09-03 21:53:56 | WARNING  | app.api.bybit_rest:get_top_symbols:48 - No instruments found, using fallback list
2026-09-03 21:53:56 | INFO     | app.api.bybit_rest:_get_fallback_symbols:91 - Using fallback symbols: 50
2026-09-03 21:54:06 | ERROR    | app.api.bybit_ws:connect:82 - Connection error for BTCUSDT: timed out during opening handshake
2026-09-03 21:54:13 | INFO     | app.api.bybit_ws:connect:76 - Connected to BTCUSDT
2026-09-03 21:54:16 | INFO     | app.analysis.levels:update_levels_for_symbol:138 - Updated levels for BTCUSDT: 0 levels found
2026-09-03 21:54:26 | INFO     | app.api.bybit_ws:connect:76 - Connected to ETHUSDT
2026-09-03 21:54:29 | INFO     | app.analysis.levels:update_levels_for_symbol:138 - Updated levels for ETHUSDT: 0 levels found
2026-09-03 21:54:30 | INFO     | app.api.bybit_ws:connect:76 - Connected to SOLUSDT
2026-09-03 21:54:31 | INFO     | app.analysis.levels:update_levels_for_symbol:138 - Updated levels for SOLUSDT: 0 levels found
2026-09-03 21:54:37 | INFO     | app.api.bybit_ws:connect:76 - Connected to XRPUSDT
2026-09-03 21:54:38 | INFO     | app.analysis.levels:update_levels_for_symbol:138 - Updated levels for XRPUSDT: 0 levels found
2026-09-03 21:54:43 | INFO     | app.api.bybit_ws:connect:76 - Connected to DOGEUSDT
2026-09-03 21:55:11 | INFO     | app.analysis.levels:update_levels_for_symbol:138 - Updated levels for DOGEUSDT: 0 levels found
2026-09-03 21:55:13 | INFO     | app.api.bybit_ws:connect:76 - Connected to BNBUSDT
2026-09-03 21:55:20 | INFO     | app.analysis.levels:update_levels_for_symbol:138 - Updated levels for BNBUSDT: 0 levels found
2026-09-03 21:55:20 | INFO     | app.api.bybit_ws:connect:76 - Connected to ADAUSDT
2026-09-03 21:55:33 | INFO     | app.analysis.levels:update_levels_for_symbol:138 - Updated levels for ADAUSDT: 0 levels found
2026-09-03 21:55:34 | INFO     | app.api.bybit_ws:connect:76 - Connected to LINKUSDT
2026-09-03 21:55:35 | INFO     | app.analysis.levels:update_levels_for_symbol:138 - Updated levels for LINKUSDT: 0 levels found
2026-09-03 21:55:36 | INFO     | app.api.bybit_ws:connect:76 - Connected to AVAXUSDT
2026-09-03 21:55:38 | INFO     | app.analysis.levels:update_levels_for_symbol:138 - Updated levels for AVAXUSDT: 0 levels found
2026-09-03 21:55:38 | INFO     | app.api.bybit_ws:connect:76 - Connected to SUIUSDT
2026-09-03 21:55:40 | INFO     | app.analysis.levels:update_levels_for_symbol:138 - Updated levels for SUIUSDT: 0 levels found
2026-09-03 21:55:41 | INFO     | app.api.bybit_ws:connect:76 - Connected to DOTUSDT
2026-09-03 21:55:43 | INFO     | app.analysis.levels:update_levels_for_symbol:138 - Updated levels for DOTUSDT: 0 levels found
2026-09-03 21:55:46 | INFO     | app.api.bybit_ws:connect:76 - Connected to MATICUSDT
2026-09-03 21:55:48 | INFO     | app.analysis.levels:update_levels_for_symbol:138 - Updated levels for MATICUSDT: 0 levels found
2026-09-03 21:55:54 | INFO     | app.api.bybit_ws:connect:76 - Connected to SHIBUSDT
2026-09-03 21:56:11 | INFO     | app.analysis.levels:update_levels_for_symbol:138 - Updated levels for SHIBUSDT: 0 levels found
2026-09-03 21:56:12 | INFO     | app.api.bybit_ws:connect:76 - Connected to LTCUSDT
2026-09-03 21:56:33 | INFO     | app.analysis.levels:update_levels_for_symbol:138 - Updated levels for LTCUSDT: 0 levels found
2026-09-03 21:56:34 | INFO     | app.api.bybit_ws:connect:76 - Connected to TRXUSDT
2026-09-03 21:56:36 | INFO     | app.analysis.levels:update_levels_for_symbol:138 - Updated levels for TRXUSDT: 0 levels found
2026-09-03 21:56:37 | INFO     | app.api.bybit_ws:connect:76 - Connected to ATOMUSDT
2026-09-03 21:56:42 | INFO     | app.analysis.levels:update_levels_for_symbol:138 - Updated levels for ATOMUSDT: 0 levels found
2026-09-03 21:56:43 | INFO     | app.api.bybit_ws:connect:76 - Connected to UNIUSDT
2026-09-03 21:56:44 | INFO     | app.analysis.levels:update_levels_for_symbol:138 - Updated levels for UNIUSDT: 0 levels found
2026-09-03 21:56:45 | INFO     | app.api.bybit_ws:connect:76 - Connected to ARBUSDT
2026-09-03 21:56:47 | INFO     | app.analysis.levels:update_levels_for_symbol:138 - Updated levels for ARBUSDT: 0 levels found
2026-09-03 21:56:47 | INFO     | app.api.bybit_ws:connect:76 - Connected to OPUSDT
2026-09-03 21:56:49 | INFO     | app.analysis.levels:update_levels_for_symbol:138 - Updated levels for OPUSDT: 0 levels found
2026-09-03 21:56:50 | INFO     | app.api.bybit_ws:connect:76 - Connected to APTUSDT
2026-09-03 21:56:51 | INFO     | app.analysis.levels:update_levels_for_symbol:138 - Updated levels for APTUSDT: 0 levels found
2026-09-03 21:56:52 | INFO     | app.api.bybit_ws:connect:76 - Connected to NEARUSDT
2026-09-03 21:56:54 | INFO     | app.analysis.levels:update_levels_for_symbol:138 - Updated levels for NEARUSDT: 0 levels found
2026-09-03 21:56:54 | INFO     | app.api.bybit_ws:connect:76 - Connected to FILUSDT
2026-09-03 21:56:56 | INFO     | app.analysis.levels:update_levels_for_symbol:138 - Updated levels for FILUSDT: 0 levels found
2026-09-03 21:56:57 | INFO     | app.api.bybit_ws:connect:76 - Connected to ICPUSDT
2026-09-03 21:56:58 | INFO     | app.analysis.levels:update_levels_for_symbol:138 - Updated levels for ICPUSDT: 0 levels found
2026-09-03 21:56:59 | INFO     | app.api.bybit_ws:connect:76 - Connected to ETCUSDT
2026-09-03 21:57:01 | INFO     | app.analysis.levels:update_levels_for_symbol:138 - Updated levels for ETCUSDT: 0 levels found
2026-09-03 21:57:01 | INFO     | app.api.bybit_ws:connect:76 - Connected to XLMUSDT
2026-09-03 21:57:03 | INFO     | app.analysis.levels:update_levels_for_symbol:138 - Updated levels for XLMUSDT: 0 levels found
2026-09-03 21:57:05 | INFO     | app.api.bybit_ws:connect:76 - Connected to HBARUSDT
2026-09-03 21:57:09 | INFO     | app.analysis.levels:update_levels_for_symbol:138 - Updated levels for HBARUSDT: 0 levels found
2026-09-03 21:57:10 | INFO     | app.api.bybit_ws:connect:76 - Connected to VETUSDT
2026-09-03 21:57:12 | INFO     | app.analysis.levels:update_levels_for_symbol:138 - Updated levels for VETUSDT: 0 levels found
2026-09-03 21:57:13 | INFO     | app.api.bybit_ws:connect:76 - Connected to ALGOUSDT
2026-09-03 21:57:23 | INFO     | app.analysis.levels:update_levels_for_symbol:138 - Updated levels for ALGOUSDT: 0 levels found
2026-09-03 21:57:24 | INFO     | app.api.bybit_ws:connect:76 - Connected to EGLDUSDT
2026-09-03 21:57:33 | INFO     | app.analysis.levels:update_levels_for_symbol:138 - Updated levels for EGLDUSDT: 0 levels found
2026-09-03 21:57:34 | INFO     | app.api.bybit_ws:connect:76 - Connected to RNDRUSDT
2026-09-03 21:57:35 | INFO     | app.analysis.levels:update_levels_for_symbol:138 - Updated levels for RNDRUSDT: 0 levels found
2026-09-03 21:57:36 | INFO     | app.api.bybit_ws:connect:76 - Connected to STXUSDT
2026-09-03 21:57:38 | INFO     | app.analysis.levels:update_levels_for_symbol:138 - Updated levels for STXUSDT: 0 levels found
2026-09-03 21:57:39 | INFO     | app.api.bybit_ws:connect:76 - Connected to INJUSDT
2026-09-03 21:57:40 | INFO     | app.analysis.levels:update_levels_for_symbol:138 - Updated levels for INJUSDT: 0 levels found
2026-09-03 21:57:41 | INFO     | app.api.bybit_ws:connect:76 - Connected to MKRUSDT
2026-09-03 21:57:43 | INFO     | app.analysis.levels:update_levels_for_symbol:138 - Updated levels for MKRUSDT: 0 levels found
2026-09-03 21:57:44 | INFO     | app.api.bybit_ws:connect:76 - Connected to AAVEUSDT
2026-09-03 21:57:46 | INFO     | app.analysis.levels:update_levels_for_symbol:138 - Updated levels for AAVEUSDT: 0 levels found
2026-09-03 21:57:47 | INFO     | app.api.bybit_ws:connect:76 - Connected to CRVUSDT
2026-09-03 21:57:48 | INFO     | app.analysis.levels:update_levels_for_symbol:138 - Updated levels for CRVUSDT: 0 levels found
2026-09-03 21:57:49 | INFO     | app.api.bybit_ws:connect:76 - Connected to SNXUSDT
2026-09-03 21:57:52 | INFO     | app.analysis.levels:update_levels_for_symbol:138 - Updated levels for SNXUSDT: 0 levels found
2026-09-03 21:57:53 | INFO     | app.api.bybit_ws:connect:76 - Connected to COMPUSDT
2026-09-03 21:58:00 | INFO     | app.analysis.levels:update_levels_for_symbol:138 - Updated levels for COMPUSDT: 0 levels found
2026-09-03 21:58:04 | INFO     | app.api.bybit_ws:connect:76 - Connected to ZECUSDT
2026-09-03 21:58:30 | INFO     | app.analysis.levels:update_levels_for_symbol:138 - Updated levels for ZECUSDT: 0 levels found
2026-09-03 21:58:36 | INFO     | app.api.bybit_ws:connect:76 - Connected to XMRUSDT
2026-09-03 21:58:38 | INFO     | app.analysis.levels:update_levels_for_symbol:138 - Updated levels for XMRUSDT: 0 levels found
2026-09-03 21:58:38 | INFO     | app.api.bybit_ws:connect:76 - Connected to DASHUSDT
2026-09-03 21:58:40 | INFO     | app.analysis.levels:update_levels_for_symbol:138 - Updated levels for DASHUSDT: 0 levels found
2026-09-03 21:58:41 | INFO     | app.api.bybit_ws:connect:76 - Connected to EOSUSDT
2026-09-03 21:58:43 | INFO     | app.analysis.levels:update_levels_for_symbol:138 - Updated levels for EOSUSDT: 0 levels found
2026-09-03 21:58:44 | INFO     | app.api.bybit_ws:connect:76 - Connected to NEOUSDT
2026-09-03 21:58:45 | INFO     | app.analysis.levels:update_levels_for_symbol:138 - Updated levels for NEOUSDT: 0 levels found
2026-09-03 21:58:46 | INFO     | app.api.bybit_ws:connect:76 - Connected to WAVESUSDT
2026-09-03 21:58:47 | INFO     | app.analysis.levels:update_levels_for_symbol:138 - Updated levels for WAVESUSDT: 0 levels found
2026-09-03 21:58:48 | INFO     | app.api.bybit_ws:connect:76 - Connected to XEMUSDT
2026-09-03 21:59:01 | INFO     | app.analysis.levels:update_levels_for_symbol:138 - Updated levels for XEMUSDT: 0 levels found
2026-09-03 21:59:01 | INFO     | app.api.bybit_ws:connect:76 - Connected to LSKUSDT
2026-09-03 21:59:22 | INFO     | app.analysis.levels:update_levels_for_symbol:138 - Updated levels for LSKUSDT: 0 levels found
2026-09-03 21:59:23 | INFO     | app.api.bybit_ws:connect:76 - Connected to ZILUSDT
2026-09-03 21:59:39 | INFO     | app.analysis.levels:update_levels_for_symbol:138 - Updated levels for ZILUSDT: 0 levels found
2026-09-03 21:59:40 | INFO     | app.api.bybit_ws:connect:76 - Connected to ONTUSDT
2026-09-03 21:59:41 | INFO     | app.analysis.levels:update_levels_for_symbol:138 - Updated levels for ONTUSDT: 0 levels found
2026-09-03 21:59:42 | INFO     | app.api.bybit_ws:connect:76 - Connected to QTUMUSDT
2026-09-03 21:59:44 | INFO     | app.analysis.levels:update_levels_for_symbol:138 - Updated levels for QTUMUSDT: 0 levels found
2026-09-03 21:59:46 | INFO     | app.api.bybit_ws:connect:76 - Connected to VTHOUSDT
2026-09-03 21:59:47 | INFO     | app.analysis.levels:update_levels_for_symbol:138 - Updated levels for VTHOUSDT: 0 levels found
2026-09-03 21:59:48 | INFO     | app.api.bybit_ws:connect:76 - Connected to CHZUSDT
2026-09-03 21:59:49 | INFO     | app.analysis.levels:update_levels_for_symbol:138 - Updated levels for CHZUSDT: 0 levels found
2026-09-03 21:59:49 | INFO     | app.main:update_symbols:117 - ✅ Updated symbols: 50 active
2026-09-03 21:59:49 | INFO     | app.api.bybit_ws:start:121 - WebSocket manager started
2026-09-03 21:59:49 | INFO     | app.data.orderbook:start:331 - Orderbook manager started
2026-09-03 21:59:49 | INFO     | app.signals.engine:start:358 - Signal engine started
2026-09-03 21:59:49 | INFO     | app.scheduler.tasks:start:16 - Scheduler started
2026-09-03 21:59:49 | INFO     | app.main:start:98 - 🎯 Market Bot started with 50 symbols
2026-09-03 21:59:49 | INFO     | app.main:run:127 - 🔄 Bot is running. Press Ctrl+C to stop.
2026-09-03 21:59:49 | INFO     | app.notifications.telegram:start:208 - Telegram notifier started
2026-09-03 22:00:10 | INFO     | app.main:_signal_handler:60 - Received signal 2, shutting down...
2026-09-03 22:00:10 | INFO     | app.main:shutdown:142 - 🛑 Shutting down...
2026-09-03 22:00:10 | INFO     | app.scheduler.tasks:stop:32 - Scheduler stopped
2026-09-03 22:00:10 | INFO     | app.signals.engine:stop:364 - Signal engine stopped
2026-09-03 22:00:10 | INFO     | app.data.orderbook:stop:339 - Orderbook manager stopped
2026-09-03 22:00:11 | INFO     | app.main:_signal_handler:60 - Received signal 2, shutting down...
2026-09-03 22:00:11 | INFO     | app.main:_signal_handler:60 - Received signal 2, shutting down...
2026-09-03 22:00:12 | INFO     | app.main:_signal_handler:60 - Received signal 2, shutting down...
2026-09-03 22:00:12 | INFO     | app.main:_signal_handler:60 - Received signal 2, shutting down...
2026-09-03 22:00:12 | INFO     | app.main:_signal_handler:60 - Received signal 2, shutting down...
2026-09-03 22:00:14 | INFO     | app.main:_signal_handler:60 - Received signal 2, shutting down...
2026-09-03 22:00:15 | INFO     | app.main:_signal_handler:60 - Received signal 2, shutting down...
2026-09-03 22:00:15 | INFO     | app.main:_signal_handler:60 - Received signal 2, shutting down...
2026-09-03 22:00:15 | INFO     | app.main:_signal_handler:60 - Received signal 2, shutting down...
2026-09-03 22:00:15 | INFO     | app.main:_signal_handler:60 - Received signal 2, shutting down...
2026-09-03 22:00:15 | INFO     | app.main:_signal_handler:60 - Received signal 2, shutting down...
2026-09-03 22:00:15 | INFO     | app.main:_signal_handler:60 - Received signal 2, shutting down...
2026-09-03 22:00:15 | INFO     | app.main:_signal_handler:60 - Received signal 2, shutting down...
2026-09-03 22:00:15 | INFO     | app.main:_signal_handler:60 - Received signal 2, shutting down...
2026-09-03 22:00:15 | INFO     | app.main:_signal_handler:60 - Received signal 2, shutting down...
2026-09-03 22:00:15 | INFO     | app.main:_signal_handler:60 - Received signal 2, shutting down...
2026-09-03 22:00:15 | INFO     | app.main:_signal_handler:60 - Received signal 2, shutting down...
2026-09-03 22:00:15 | INFO     | app.main:_signal_handler:60 - Received signal 2, shutting down...
2026-09-03 22:00:15 | INFO     | app.main:_signal_handler:60 - Received signal 2, shutting down...
2026-09-03 22:00:15 | INFO     | app.main:_signal_handler:60 - Received signal 2, shutting down...
2026-09-03 22:00:15 | INFO     | app.main:_signal_handler:60 - Received signal 2, shutting down...
2026-09-03 22:00:15 | INFO     | app.main:_signal_handler:60 - Received signal 2, shutting down...
2026-09-03 22:00:15 | INFO     | app.main:_signal_handler:60 - Received signal 2, shutting down...
2026-09-03 22:00:15 | INFO     | app.main:_signal_handler:60 - Received signal 2, shutting down...
2026-09-03 22:00:16 | INFO     | app.main:_signal_handler:60 - Received signal 2, shutting down...
2026-09-03 22:00:16 | INFO     | app.main:_signal_handler:60 - Received signal 2, shutting down...
2026-09-03 22:00:16 | INFO     | app.main:_signal_handler:60 - Received signal 2, shutting down...
2026-09-03 22:00:16 | INFO     | app.main:_signal_handler:60 - Received signal 2, shutting down...
2026-09-03 22:00:16 | INFO     | app.main:_signal_handler:60 - Received signal 2, shutting down...
2026-09-03 22:00:16 | INFO     | app.main:_signal_handler:60 - Received signal 2, shutting down...
2026-09-03 22:00:16 | INFO     | app.main:_signal_handler:60 - Received signal 2, shutting down...
2026-09-03 22:00:16 | INFO     | app.main:_signal_handler:60 - Received signal 2, shutting down...
2026-09-03 22:00:16 | INFO     | app.main:_signal_handler:60 - Received signal 2, shutting down...
2026-09-03 22:00:16 | INFO     | app.main:_signal_handler:60 - Received signal 2, shutting down...
2026-09-03 22:00:16 | INFO     | app.main:_signal_handler:60 - Received signal 2, shutting down...
2026-09-03 22:00:16 | INFO     | app.main:_signal_handler:60 - Received signal 2, shutting down...
2026-09-03 22:00:16 | INFO     | app.main:_signal_handler:60 - Received signal 2, shutting down...
2026-09-03 22:00:16 | INFO     | app.main:_signal_handler:60 - Received signal 2, shutting down...
2026-09-03 22:00:16 | INFO     | app.main:_signal_handler:60 - Received signal 2, shutting down...
2026-09-03 22:00:16 | INFO     | app.main:_signal_handler:60 - Received signal 2, shutting down...
2026-09-03 22:00:16 | INFO     | app.main:_signal_handler:60 - Received signal 2, shutting down...
2026-09-03 22:00:16 | INFO     | app.main:_signal_handler:60 - Received signal 2, shutting down...
2026-09-03 22:00:16 | INFO     | app.main:_signal_handler:60 - Received signal 2, shutting down...
2026-09-03 22:00:16 | INFO     | app.main:_signal_handler:60 - Received signal 2, shutting down...
2026-09-03 22:00:16 | INFO     | app.main:_signal_handler:60 - Received signal 2, shutting down...
2026-09-03 22:00:16 | INFO     | app.main:_signal_handler:60 - Received signal 2, shutting down...
2026-09-03 22:00:16 | INFO     | app.main:_signal_handler:60 - Received signal 2, shutting down...
2026-09-03 22:00:16 | INFO     | app.main:_signal_handler:60 - Received signal 2, shutting down...
2026-09-03 22:00:16 | INFO     | app.main:_signal_handler:60 - Received signal 2, shutting down...
2026-09-03 22:00:16 | INFO     | app.main:_signal_handler:60 - Received signal 2, shutting down...
2026-09-03 22:00:16 | INFO     | app.main:_signal_handler:60 - Received signal 2, shutting down...
2026-09-03 22:00:16 | INFO     | app.main:_signal_handler:60 - Received signal 2, shutting down...
2026-09-03 22:00:16 | INFO     | app.main:_signal_handler:60 - Received signal 2, shutting down...
2026-09-03 22:00:16 | INFO     | app.main:_signal_handler:60 - Received signal 2, shutting down...
2026-09-03 22:00:16 | INFO     | app.main:_signal_handler:60 - Received signal 2, shutting down...
2026-09-03 22:00:16 | INFO     | app.main:_signal_handler:60 - Received signal 2, shutting down...
2026-09-03 22:00:16 | INFO     | app.main:_signal_handler:60 - Received signal 2, shutting down...
2026-09-03 22:00:16 | INFO     | app.main:_signal_handler:60 - Received signal 2, shutting down...
2026-09-03 22:00:17 | INFO     | app.main:_signal_handler:60 - Received signal 2, shutting down...
2026-09-03 22:00:17 | INFO     | app.main:_signal_handler:60 - Received signal 2, shutting down...
2026-09-03 22:00:17 | INFO     | app.main:_signal_handler:60 - Received signal 2, shutting down...
2026-09-03 22:00:17 | INFO     | app.main:_signal_handler:60 - Received signal 2, shutting down...
2026-09-03 22:00:17 | INFO     | app.main:_signal_handler:60 - Received signal 2, shutting down...
